X,Y,Z,B0
0,0,-50,0.045868404
-5,-20,-45,0.0458004
0,-20,-45,0.045806083
5,-20,-45,0.045805586
-15,-15,-45,0.045784039
-10,-15,-45,0.045802377
-5,-15,-45,0.045812754
0,-15,-45,0.045816991
5,-15,-45,0.045816248
10,-15,-45,0.045810146
15,-15,-45,0.045797667
-15,-10,-45,0.04579658
-10,-10,-45,0.045812361
-5,-10,-45,0.045820166
0,-10,-45,0.045822792
5,-10,-45,0.045821887
10,-10,-45,0.04581675
15,-10,-45,0.045805291
-20,-5,-45,0.045782476
-15,-5,-45,0.045805465
-10,-5,-45,0.045818703
-5,-5,-45,0.045824228
0,-5,-45,0.045825396
5,-5,-45,0.045824144
10,-5,-45,0.045819591
15,-5,-45,0.045808991
20,-5,-45,0.045790515
-20,0,-45,0.04578977
-15,0,-45,0.045810579
-10,0,-45,0.04582197
-5,0,-45,0.045825993
0,0,-45,0.045826046
5,0,-45,0.045824108
10,0,-45,0.045819285
15,0,-45,0.045808696
20,0,-45,0.045790236
-20,5,-45,0.045792904
-15,5,-45,0.045811921
-10,5,-45,0.045822285
-5,5,-45,0.045825619
0,5,-45,0.045824893
5,5,-45,0.045821901
10,5,-45,0.045815879
15,5,-45,0.045804313
20,5,-45,0.045785431
-15,10,-45,0.04580962
-10,10,-45,0.045819382
-5,10,-45,0.045822479
0,10,-45,0.045821142
5,10,-45,0.045816805
10,10,-45,0.045808936
15,10,-45,0.045795742
-15,15,-45,0.045803782
-10,15,-45,0.045812754
-5,15,-45,0.045815526
0,15,-45,0.045813505
5,15,-45,0.045807696
10,15,-45,0.045797809
15,15,-45,0.045782901
-5,20,-45,0.045803603
0,20,-45,0.045800657
5,20,-45,0.045793465
0,-30,-40,0.045730197
-15,-25,-40,0.045718674
-10,-25,-40,0.045733874
-5,-25,-40,0.045743997
0,-25,-40,0.0457493
5,-25,-40,0.045750006
10,-25,-40,0.045746403
15,-25,-40,0.045739136
-20,-20,-40,0.045710759
-15,-20,-40,0.045733081
-10,-20,-40,0.045749129
-5,-20,-40,0.045759353
0,-20,-40,0.04576424
5,-20,-40,0.04576419
10,-20,-40,0.045759456
15,-20,-40,0.045750429
20,-20,-40,0.045737901
-25,-15,-40,0.045692879
-20,-15,-40,0.04572289
-15,-15,-40,0.04574547
-10,-15,-40,0.045761203
-5,-15,-40,0.045770738
0,-15,-40,0.045774925
5,-15,-40,0.045774367
10,-15,-40,0.045769178
15,-15,-40,0.045759312
20,-15,-40,0.045745132
25,-15,-40,0.04572735
-25,-10,-40,0.045704494
-20,-10,-40,0.045733753
-15,-10,-40,0.045755498
-10,-10,-40,0.045770123
-5,-10,-40,0.045778499
0,-10,-40,0.045781811
5,-10,-40,0.045780828
10,-10,-40,0.045775518
15,-10,-40,0.045765409
20,-10,-40,0.045750405
25,-10,-40,0.045731123
-25,-5,-40,0.045715013
-20,-5,-40,0.045742638
-15,-5,-40,0.045762898
-10,-5,-40,0.045776077
-5,-5,-40,0.04578317
0,-5,-40,0.045785557
5,-5,-40,0.045784102
10,-5,-40,0.045778669
15,-5,-40,0.045768497
20,-5,-40,0.045753149
25,-5,-40,0.045733082
-30,0,-40,0.045690427
-25,0,-40,0.045723442
-20,0,-40,0.045748943
-15,0,-40,0.045767462
-10,0,-40,0.045779197
-5,0,-40,0.045785124
0,0,-40,0.045786625
5,0,-40,0.045784568
10,0,-40,0.045778783
15,0,-40,0.045768418
20,0,-40,0.045752898
25,0,-40,0.045732556
30,0,-40,0.045707784
-25,5,-40,0.045729174
-20,5,-40,0.045752325
-15,5,-40,0.045769032
-10,5,-40,0.045779448
-5,5,-40,0.045784384
0,5,-40,0.045785055
5,5,-40,0.045782244
10,5,-40,0.045775815
15,5,-40,0.045765028
20,5,-40,0.04574939
25,5,-40,0.045729166
-25,10,-40,0.045732108
-20,10,-40,0.045752708
-15,10,-40,0.045767491
-10,10,-40,0.045776609
-5,10,-40,0.045780627
0,10,-40,0.045780473
5,10,-40,0.045776787
10,10,-40,0.045769517
15,10,-40,0.045758183
20,10,-40,0.045742556
25,10,-40,0.045722899
-25,15,-40,0.045732374
-20,15,-40,0.045750074
-15,15,-40,0.045762667
-10,15,-40,0.045770308
-5,15,-40,0.045773301
0,15,-40,0.045772258
5,15,-40,0.045767653
10,15,-40,0.045759533
15,15,-40,0.045747739
20,15,-40,0.0457324
25,15,-40,0.045713875
-20,20,-40,0.045744111
-15,20,-40,0.045754188
-10,20,-40,0.045760037
-5,20,-40,0.04576176
0,20,-40,0.045759728
5,20,-40,0.045754275
10,20,-40,0.045745511
15,20,-40,0.045733541
20,20,-40,0.045718818
-15,25,-40,0.045741427
-10,25,-40,0.045745191
-5,25,-40,0.045745382
0,25,-40,0.045742297
5,25,-40,0.045736198
10,25,-40,0.0457272
15,25,-40,0.045715483
0,30,-40,0.045719598
-5,-35,-35,0.045682245
0,-35,-35,0.045686211
5,-35,-35,0.045689048
-15,-30,-35,0.045682971
-10,-30,-35,0.045692897
-5,-30,-35,0.045699755
0,-30,-35,0.045703829
5,-30,-35,0.045705224
10,-30,-35,0.045703933
15,-30,-35,0.045700199
-25,-25,-35,0.04565653
-20,-25,-35,0.045678642
-15,-25,-35,0.045695188
-10,-25,-35,0.045707162
-5,-25,-35,0.045715052
0,-25,-35,0.045719154
5,-25,-35,0.04571968
10,-25,-35,0.045716843
15,-25,-35,0.045711025
20,-25,-35,0.045702777
25,-25,-35,0.0456924
-25,-20,-35,0.045663445
-20,-20,-35,0.045688039
-15,-20,-35,0.045706397
-10,-20,-35,0.04571946
-5,-20,-35,0.045727776
0,-20,-35,0.045731749
5,-20,-35,0.045731691
10,-20,-35,0.045727856
15,-20,-35,0.04572056
20,-20,-35,0.045710208
25,-20,-35,0.045697015
-30,-15,-35,0.045638392
-25,-15,-35,0.045671781
-20,-15,-35,0.045697253
-15,-15,-35,0.045716227
-10,-15,-35,0.045729515
-5,-15,-35,0.045737722
0,-15,-35,0.045741379
5,-15,-35,0.04574088
10,-15,-35,0.045736443
15,-15,-35,0.04572823
20,-15,-35,0.045716477
25,-15,-35,0.045701354
30,-15,-35,0.045682442
-30,-10,-35,0.04564767
-25,-10,-35,0.045680547
-20,-10,-35,0.045705702
-15,-10,-35,0.045724349
-10,-10,-35,0.045737194
-5,-10,-35,0.045744885
0,-10,-35,0.045748059
5,-10,-35,0.045747169
10,-10,-35,0.045742371
15,-10,-35,0.04573366
20,-10,-35,0.045721093
25,-10,-35,0.045704764
30,-10,-35,0.045684265
-35,-5,-35,0.045616935
-30,-5,-35,0.045657574
-25,-5,-35,0.045688856
-20,-5,-35,0.045712818
-15,-5,-35,0.045730474
-10,-5,-35,0.045742435
-5,-5,-35,0.045749356
0,-5,-35,0.04575193
5,-5,-35,0.045750631
10,-5,-35,0.045745564
15,-5,-35,0.045736598
20,-5,-35,0.045723649
25,-5,-35,0.04570674
30,-5,-35,0.045685502
35,-5,-35,0.04565826
-35,0,-35,0.045629487
-30,0,-35,0.045666966
-25,0,-35,0.045695927
-20,0,-35,0.045718101
-15,0,-35,0.04573434
-10,0,-35,0.045745164
-5,0,-35,0.045751187
0,0,-35,0.045753085
5,0,-35,0.045751321
10,0,-35,0.04574597
15,0,-35,0.045736853
20,0,-35,0.045723819
25,0,-35,0.045706844
30,0,-35,0.0456856
35,0,-35,0.045658677
-35,5,-35,0.045640967
-30,5,-35,0.045674967
-25,5,-35,0.045701197
-20,5,-35,0.045721185
-15,5,-35,0.045735718
-10,5,-35,0.045745246
-5,5,-35,0.045750295
0,5,-35,0.045751462
5,5,-35,0.045749165
10,5,-35,0.045743481
15,5,-35,0.04573426
20,5,-35,0.04572137
25,5,-35,0.045704761
30,5,-35,0.045684059
35,5,-35,0.045657973
-30,10,-35,0.045681289
-25,10,-35,0.045704418
-20,10,-35,0.045721849
-15,10,-35,0.0457344
-10,10,-35,0.045742467
-5,10,-35,0.045746453
0,10,-35,0.045746829
5,10,-35,0.045743949
10,10,-35,0.045737916
15,10,-35,0.045728673
20,10,-35,0.045716181
25,10,-35,0.045700388
30,10,-35,0.045680769
-30,15,-35,0.045686307
-25,15,-35,0.045705585
-20,15,-35,0.045719946
-15,15,-35,0.045730168
-10,15,-35,0.045736544
-5,15,-35,0.045739327
0,15,-35,0.045738843
5,15,-35,0.045735374
10,15,-35,0.04572906
15,15,-35,0.045719969
20,15,-35,0.045708211
25,15,-35,0.045693805
30,15,-35,0.045676125
-25,20,-35,0.045704695
-20,20,-35,0.045715281
-15,20,-35,0.045722757
-10,20,-35,0.045727156
-5,20,-35,0.045728557
0,20,-35,0.045727152
5,20,-35,0.045723156
10,20,-35,0.045716737
15,20,-35,0.045708082
20,20,-35,0.045697471
25,20,-35,0.045685145
-25,25,-35,0.045701586
-20,25,-35,0.045707615
-15,25,-35,0.04571191
-10,25,-35,0.045714028
-5,25,-35,0.045713864
0,25,-35,0.045711511
5,25,-35,0.045707134
10,25,-35,0.045700915
15,25,-35,0.045693106
20,25,-35,0.045684124
25,25,-35,0.045674582
-15,30,-35,0.045697656
-10,30,-35,0.045697122
-5,30,-35,0.045695214
0,30,-35,0.045691937
5,30,-35,0.045687411
10,30,-35,0.045681851
15,30,-35,0.045675541
-5,35,-35,0.045673107
0,35,-35,0.045668982
5,35,-35,0.045664568
0,-40,-30,0.045652524
-15,-35,-30,0.04565672
-10,-35,-30,0.045661588
-5,-35,-30,0.045665367
0,-35,-30,0.045667997
5,-35,-30,0.045669263
10,-35,-30,0.045668682
15,-35,-30,0.045666214
-25,-30,-30,0.045645549
-20,-30,-30,0.045657571
-15,-30,-30,0.045667307
-10,-30,-30,0.045674714
-5,-30,-30,0.045679772
0,-30,-30,0.0456825
5,-30,-30,0.045682862
10,-30,-30,0.04568081
15,-30,-30,0.045676572
20,-30,-30,0.045670928
25,-30,-30,0.04566519
-30,-25,-30,0.045626421
-25,-25,-30,0.045647618
-20,-25,-30,0.045664439
-15,-25,-30,0.04567728
-10,-25,-30,0.045686564
-5,-25,-30,0.045692559
0,-25,-30,0.045695433
5,-25,-30,0.045695297
10,-25,-30,0.045692283
15,-25,-30,0.045686666
20,-25,-30,0.045678941
25,-25,-30,0.045669802
30,-25,-30,0.045660397
-30,-20,-30,0.045627269
-25,-20,-30,0.045652116
-20,-20,-30,0.045671662
-15,-20,-30,0.045686392
-10,-20,-30,0.04569684
-5,-20,-30,0.045703398
0,-20,-30,0.045706347
5,-20,-30,0.045705899
10,-20,-30,0.045702249
15,-20,-30,0.045695645
20,-20,-30,0.045686432
25,-20,-30,0.045675051
30,-20,-30,0.045662271
-35,-15,-30,0.045599489
-30,-15,-30,0.045631577
-25,-15,-30,0.045658057
-20,-15,-30,0.04567882
-15,-15,-30,0.045694401
-10,-15,-30,0.045705337
-5,-15,-30,0.045712072
0,-15,-30,0.045714961
5,-15,-30,0.045714276
10,-15,-30,0.04571022
15,-15,-30,0.04570298
20,-15,-30,0.045692784
25,-15,-30,0.045679904
30,-15,-30,0.045664741
35,-15,-30,0.045648456
-35,-10,-30,0.045605439
-30,-10,-30,0.045638024
-25,-10,-30,0.04566463
-20,-10,-30,0.04568546
-15,-10,-30,0.045701047
-10,-10,-30,0.045711894
-5,-10,-30,0.045718455
0,-10,-30,0.045721131
5,-10,-30,0.045720223
10,-10,-30,0.045715915
15,-10,-30,0.045708325
20,-10,-30,0.045697576
25,-10,-30,0.045683809
30,-10,-30,0.045667145
35,-10,-30,0.045647932
-35,-5,-30,0.045614391
-30,-5,-30,0.045645606
-25,-5,-30,0.045671124
-20,-5,-30,0.045691129
-15,-5,-30,0.045706063
-10,-5,-30,0.045716365
-5,-5,-30,0.045722471
0,-5,-30,0.045724793
5,-5,-30,0.045723637
10,-5,-30,0.045719164
15,-5,-30,0.045711436
20,-5,-30,0.045700504
25,-5,-30,0.045686425
30,-5,-30,0.045669206
35,-5,-30,0.045648921
-40,0,-30,0.045593339
-35,0,-30,0.04562489
-30,0,-30,0.045653357
-25,0,-30,0.045676887
-20,0,-30,0.045695396
-15,0,-30,0.04570918
-10,0,-30,0.045718595
-5,0,-30,0.045724031
0,0,-30,0.045725877
5,0,-30,0.04572443
10,0,-30,0.045719833
15,0,-30,0.045712123
20,0,-30,0.045701318
25,0,-30,0.04568745
30,0,-30,0.045670536
35,0,-30,0.045650783
40,0,-30,0.045629856
-35,5,-30,0.045635506
-30,5,-30,0.04566047
-25,5,-30,0.045681396
-20,5,-30,0.045697902
-15,5,-30,0.045710148
-10,5,-30,0.045718402
-5,5,-30,0.045722992
0,5,-30,0.045724261
5,5,-30,0.045722477
10,5,-30,0.045717781
15,5,-30,0.045710218
20,5,-30,0.045699815
25,5,-30,0.045686613
30,5,-30,0.045670671
35,5,-30,0.045652426
-35,10,-30,0.045645592
-30,10,-30,0.045666564
-25,10,-30,0.045684349
-20,10,-30,0.045698384
-15,10,-30,0.045708732
-10,10,-30,0.045715574
-5,10,-30,0.045719156
0,10,-30,0.045719754
5,10,-30,0.045717602
10,10,-30,0.045712849
15,10,-30,0.045705577
20,10,-30,0.045695859
25,10,-30,0.045683766
30,10,-30,0.045669378
35,10,-30,0.045653219
-35,15,-30,0.045655799
-30,15,-30,0.045671808
-25,15,-30,0.045685665
-20,15,-30,0.045696665
-15,15,-30,0.045704718
-10,15,-30,0.045709879
-5,15,-30,0.045712284
0,15,-30,0.045712129
5,15,-30,0.045709608
10,15,-30,0.045704883
15,15,-30,0.045698094
20,15,-30,0.045689395
25,15,-30,0.045678939
30,15,-30,0.045666864
35,15,-30,0.045653694
-30,20,-30,0.045676728
-25,20,-30,0.045685384
-20,20,-30,0.045692608
-15,20,-30,0.045697909
-10,20,-30,0.045701093
-5,20,-30,0.045702149
0,20,-30,0.045701178
5,20,-30,0.045698333
10,20,-30,0.045693786
15,20,-30,0.045687742
20,20,-30,0.04568047
25,20,-30,0.045672311
30,20,-30,0.045663701
-30,25,-30,0.045681756
-25,25,-30,0.045683544
-20,25,-30,0.04568614
-15,25,-30,0.045688185
-10,25,-30,0.045689078
-5,25,-30,0.045688616
0,25,-30,0.0456868
5,25,-30,0.045683734
10,25,-30,0.0456796
15,25,-30,0.045674658
20,25,-30,0.045669302
25,25,-30,0.045664191
30,25,-30,0.045660507
-25,30,-30,0.045680334
-20,30,-30,0.045677465
-15,30,-30,0.045675673
-10,30,-30,0.045673903
-5,30,-30,0.045671765
0,30,-30,0.045669118
5,30,-30,0.045665999
10,30,-30,0.045662617
15,30,-30,0.045659302
20,30,-30,0.04565652
25,30,-30,0.04565523
-15,35,-30,0.045660992
-10,35,-30,0.045656022
-5,35,-30,0.04565207
0,35,-30,0.045648674
5,35,-30,0.0456457
10,35,-30,0.045643503
15,35,-30,0.045642649
0,40,-30,0.045626751
-15,-40,-25,0.045631933
-10,-40,-25,0.045634498
-5,-40,-25,0.045636731
0,-40,-25,0.04563835
5,-40,-25,0.045638753
10,-40,-25,0.045636651
15,-40,-25,0.045631274
-25,-35,-25,0.045635928
-20,-35,-25,0.045639895
-15,-35,-25,0.045644218
-10,-35,-25,0.045648095
-5,-35,-25,0.045650878
0,-35,-25,0.045652187
5,-35,-25,0.045651595
10,-35,-25,0.045648603
15,-35,-25,0.045643135
20,-35,-25,0.045636138
25,-35,-25,0.045629526
-30,-30,-25,0.045626718
-25,-30,-25,0.045638131
-20,-30,-25,0.045647334
-15,-30,-25,0.045654715
-10,-30,-25,0.045660257
-5,-30,-25,0.045663805
0,-30,-25,0.045665184
5,-30,-25,0.045664203
10,-30,-25,0.045660717
15,-30,-25,0.045654837
20,-30,-25,0.045647134
25,-30,-25,0.045638615
30,-30,-25,0.045630639
-35,-25,-25,0.045605405
-30,-25,-25,0.045624708
-25,-25,-25,0.045641008
-20,-25,-25,0.04565396
-15,-25,-25,0.045663837
-10,-25,-25,0.045670879
-5,-25,-25,0.045675197
0,-25,-25,0.045676814
5,-25,-25,0.045675719
10,-25,-25,0.045671938
15,-25,-25,0.045665637
20,-25,-25,0.045657206
25,-25,-25,0.045647328
30,-25,-25,0.04563726
35,-25,-25,0.045629925
-35,-20,-25,0.045602856
-30,-20,-25,0.045625592
-25,-20,-25,0.045644887
-20,-20,-25,0.04566022
-15,-20,-25,0.045671797
-10,-20,-25,0.045679926
-5,-20,-25,0.045684843
0,-20,-25,0.0456867
5,-20,-25,0.045685603
10,-20,-25,0.045681662
15,-20,-25,0.045675049
20,-20,-25,0.04566606
25,-20,-25,0.045655198
30,-20,-25,0.045643481
35,-20,-25,0.045633324
-40,-15,-25,0.045577114
-35,-15,-25,0.045603975
-30,-15,-25,0.045628721
-25,-15,-25,0.04564956
-20,-15,-25,0.045666122
-15,-15,-25,0.045678606
-10,-15,-25,0.045687331
-5,-15,-25,0.045692583
0,-15,-25,0.045694585
5,-15,-25,0.045693511
10,-15,-25,0.045689505
15,-15,-25,0.045682726
20,-15,-25,0.04567339
25,-15,-25,0.045661844
30,-15,-25,0.045648765
35,-15,-25,0.045635701
40,-15,-25,0.045626156
-40,-10,-25,0.045580727
-35,-10,-25,0.045608436
-30,-10,-25,0.04563355
-25,-10,-25,0.045654656
-20,-10,-25,0.045671464
-15,-10,-25,0.045684143
-10,-10,-25,0.045692985
-5,-10,-25,0.045698282
0,-10,-25,0.045700292
5,-10,-25,0.045699219
10,-10,-25,0.045695217
15,-10,-25,0.045688419
20,-10,-25,0.045678976
25,-10,-25,0.045667108
30,-10,-25,0.045653208
35,-10,-25,0.04563816
40,-10,-25,0.045624029
-40,-5,-25,0.045589725
-35,-5,-25,0.045615578
-30,-5,-25,0.045639448
-25,-5,-25,0.045659712
-20,-5,-25,0.045675944
-15,-5,-25,0.045688211
-10,-5,-25,0.045696744
-5,-5,-25,0.045701815
0,-5,-25,0.045703686
5,-5,-25,0.045702568
10,-5,-25,0.045698615
15,-5,-25,0.045691938
20,-5,-25,0.045682647
25,-5,-25,0.045670889
30,-5,-25,0.045656929
35,-5,-25,0.045641407
40,-5,-25,0.045625992
-40,0,-25,0.045602182
-35,0,-25,0.045624233
-30,0,-25,0.045645649
-25,0,-25,0.045664212
-20,0,-25,0.045679215
-15,0,-25,0.045690574
-10,0,-25,0.045698439
-5,0,-25,0.045703044
0,0,-25,0.045704633
5,0,-25,0.045703417
10,0,-25,0.045699542
15,0,-25,0.045693115
20,0,-25,0.04568423
25,0,-25,0.045673024
30,0,-25,0.045659768
35,0,-25,0.045645197
40,0,-25,0.045631359
-40,5,-25,0.04561564
-35,5,-25,0.045633136
-30,5,-25,0.04565142
-25,5,-25,0.045667683
-20,5,-25,0.045680944
-15,5,-25,0.045690983
-10,5,-25,0.045697873
-5,5,-25,0.0457018
0,5,-25,0.04570298
5,5,-25,0.045701612
10,5,-25,0.045697844
15,5,-25,0.045691788
20,5,-25,0.045683552
25,5,-25,0.045673295
30,5,-25,0.045661353
35,5,-25,0.045648674
40,5,-25,0.045637907
-40,10,-25,0.045628497
-35,10,-25,0.045641524
-30,10,-25,0.045656306
-25,10,-25,0.045669787
-20,10,-25,0.045680854
-15,10,-25,0.045689201
-10,10,-25,0.045694834
-5,10,-25,0.045697888
0,10,-25,0.045698544
5,10,-25,0.045696984
10,10,-25,0.045693361
15,10,-25,0.045687806
20,10,-25,0.04568046
25,10,-25,0.045671518
30,10,-25,0.045661371
35,10,-25,0.045651089
40,10,-25,0.045643649
-40,15,-25,0.045640944
-35,15,-25,0.045649497
-30,15,-25,0.04566024
-25,15,-25,0.045670353
-20,15,-25,0.045678732
-15,15,-25,0.045685003
-10,15,-25,0.045689101
-5,15,-25,0.045691098
0,15,-25,0.045691131
5,15,-25,0.04568936
10,15,-25,0.045685945
15,15,-25,0.045681048
20,15,-25,0.045674855
25,15,-25,0.045667616
30,15,-25,0.045659774
35,15,-25,0.04565238
40,15,-25,0.045648218
-35,20,-25,0.045657833
-30,20,-25,0.045663402
-25,20,-25,0.045669302
-20,20,-25,0.045674402
-15,20,-25,0.045678187
-10,20,-25,0.045680467
-5,20,-25,0.045681232
0,20,-25,0.045680565
5,20,-25,0.045678599
10,20,-25,0.045675496
15,20,-25,0.045671449
20,20,-25,0.045666706
25,20,-25,0.04566162
30,20,-25,0.045656758
35,20,-25,0.045653188
-35,25,-25,0.045667168
-30,25,-25,0.045665827
-25,25,-25,0.045666506
-20,25,-25,0.045667705
-15,25,-25,0.045668582
-10,25,-25,0.045668769
-5,25,-25,0.045668151
0,25,-25,0.045666743
5,25,-25,0.04566464
10,25,-25,0.045662001
15,25,-25,0.045659045
20,25,-25,0.045656081
25,25,-25,0.045653603
30,25,-25,0.045652492
35,25,-25,0.045654198
-30,30,-25,0.045666945
-25,30,-25,0.045661713
-20,30,-25,0.045658528
-15,30,-25,0.045656108
-10,30,-25,0.045653944
-5,30,-25,0.045651836
0,30,-25,0.045649701
5,30,-25,0.045647567
10,30,-25,0.0456456
15,30,-25,0.045644045
20,30,-25,0.045643213
25,30,-25,0.045643674
30,30,-25,0.045646742
-25,35,-25,0.045654685
-20,35,-25,0.04564693
-15,35,-25,0.045640814
-10,35,-25,0.045636062
-5,35,-25,0.04563246
0,35,-25,0.045629702
5,35,-25,0.045627677
10,35,-25,0.045626612
15,35,-25,0.045626866
20,35,-25,0.045628628
25,35,-25,0.045632123
-15,40,-25,0.045622758
-10,40,-25,0.045615248
-5,40,-25,0.045610452
0,40,-25,0.045607388
5,40,-25,0.045605548
10,40,-25,0.045605457
15,40,-25,0.045608003
-5,-45,-20,0.045609076
0,-45,-20,0.045611003
5,-45,-20,0.045610105
-20,-40,-20,0.045615662
-15,-40,-20,0.045619208
-10,-40,-20,0.045622666
-5,-40,-20,0.045624996
0,-40,-20,0.045625545
5,-40,-20,0.045623422
10,-40,-20,0.045617311
15,-40,-20,0.045606245
20,-40,-20,0.045590583
-25,-35,-20,0.04562542
-20,-35,-20,0.04563005
-15,-35,-20,0.045634012
-10,-35,-20,0.045637222
-5,-35,-20,0.04563913
0,-35,-20,0.045639158
5,-35,-20,0.045636678
10,-35,-20,0.045631055
15,-35,-20,0.045621955
20,-35,-20,0.045609627
25,-35,-20,0.045594566
-30,-30,-20,0.045621624
-25,-30,-20,0.045632148
-20,-30,-20,0.045639674
-15,-30,-20,0.045645341
-10,-30,-20,0.045649369
-5,-30,-20,0.045651576
0,-30,-20,0.045651644
5,-30,-20,0.045649223
10,-30,-20,0.04564402
15,-30,-20,0.045635939
20,-30,-20,0.045625167
25,-30,-20,0.045612035
30,-30,-20,0.045596689
-35,-25,-20,0.045605617
-30,-25,-20,0.045623443
-25,-25,-20,0.045636838
-20,-25,-20,0.045646931
-15,-25,-20,0.045654395
-10,-25,-20,0.045659513
-5,-25,-20,0.045662312
0,-25,-20,0.045662693
5,-25,-20,0.045660517
10,-25,-20,0.045655682
15,-25,-20,0.045648202
20,-25,-20,0.045638253
25,-25,-20,0.045626172
30,-25,-20,0.045612498
35,-25,-20,0.045598214
-40,-20,-20,0.045581222
-35,-20,-20,0.045605854
-30,-20,-20,0.045625454
-25,-20,-20,0.045640955
-20,-20,-20,0.04565293
-15,-20,-20,0.045661813
-10,-20,-20,0.045667884
-5,-20,-20,0.04567128
0,-20,-20,0.045672042
5,-20,-20,0.04567017
10,-20,-20,0.045665674
15,-20,-20,0.045658623
20,-20,-20,0.045649184
25,-20,-20,0.045637666
30,-20,-20,0.045624629
35,-20,-20,0.045611086
40,-20,-20,0.045598574
-40,-15,-20,0.045582462
-35,-15,-20,0.045607698
-30,-15,-20,0.045628343
-25,-15,-20,0.04564503
-20,-15,-20,0.045658101
-15,-15,-20,0.045667861
-10,-15,-20,0.045674565
-5,-15,-20,0.045678399
0,-15,-20,0.045679485
5,-15,-20,0.045677905
10,-15,-20,0.045673731
15,-15,-20,0.045667055
20,-15,-20,0.045658022
25,-15,-20,0.045646866
30,-15,-20,0.045633984
35,-15,-20,0.045620008
40,-15,-20,0.045605637
-40,-10,-20,0.045587488
-35,-10,-20,0.045611764
-30,-10,-20,0.045632246
-25,-10,-20,0.045649122
-20,-10,-20,0.045662502
-15,-10,-20,0.045672568
-10,-10,-20,0.045679527
-5,-10,-20,0.04568357
0,-10,-20,0.045684858
5,-10,-20,0.045683517
10,-10,-20,0.045679653
15,-10,-20,0.045673364
20,-10,-20,0.04566477
25,-10,-20,0.045654032
30,-10,-20,0.045641387
35,-10,-20,0.04562716
40,-10,-20,0.045611551
-45,-5,-20,0.045572042
-40,-5,-20,0.045596047
-35,-5,-20,0.04561771
-30,-5,-20,0.04563684
-25,-5,-20,0.045652996
-20,-5,-20,0.045665983
-15,-5,-20,0.045675827
-10,-5,-20,0.045682664
-5,-5,-20,0.045686668
0,-5,-20,0.045688011
5,-5,-20,0.04568684
10,-5,-20,0.045683276
15,-5,-20,0.045677423
20,-5,-20,0.045669387
25,-5,-20,0.045659293
30,-5,-20,0.04564732
35,-5,-20,0.045633716
40,-5,-20,0.045618702
45,-5,-20,0.045601743
-45,0,-20,0.045588562
-40,0,-20,0.045606425
-35,0,-20,0.045624549
-30,0,-20,0.045641514
-25,0,-20,0.045656259
-20,0,-20,0.045668279
-15,0,-20,0.045677445
-10,0,-20,0.045683819
-5,0,-20,0.045687546
0,0,-20,0.045688792
5,0,-20,0.045687714
10,0,-20,0.045684444
15,0,-20,0.045679094
20,0,-20,0.045671773
25,0,-20,0.045662615
30,0,-20,0.045651827
35,0,-20,0.045639774
40,0,-20,0.045627032
45,0,-20,0.045613996
-45,5,-20,0.045604126
-40,5,-20,0.045616628
-35,5,-20,0.045631171
-30,5,-20,0.045645608
-25,5,-20,0.045658485
-20,5,-20,0.045669092
-15,5,-20,0.045677195
-10,5,-20,0.0456828
-5,5,-20,0.045686026
0,5,-20,0.045687032
5,5,-20,0.045685974
10,5,-20,0.045682995
15,5,-20,0.045678221
20,5,-20,0.045671777
25,5,-20,0.045663829
30,5,-20,0.045654649
35,5,-20,0.045644764
40,5,-20,0.045635144
45,5,-20,0.045627049
-40,10,-20,0.045625288
-35,10,-20,0.045636804
-30,10,-20,0.045648638
-25,10,-20,0.045659325
-20,10,-20,0.045668144
-15,10,-20,0.045674837
-10,10,-20,0.045679391
-5,10,-20,0.04568191
0,10,-20,0.04568254
5,10,-20,0.045681439
10,10,-20,0.045678758
15,10,-20,0.045674637
20,10,-20,0.04566923
25,10,-20,0.045662727
30,10,-20,0.045655445
35,10,-20,0.045647982
40,10,-20,0.045641462
-40,15,-20,0.045632031
-35,15,-20,0.045641205
-30,15,-20,0.045650366
-25,15,-20,0.045658534
-20,15,-20,0.045665186
-15,15,-20,0.04567013
-10,15,-20,0.045673363
-5,15,-20,0.045674978
0,15,-20,0.045675114
5,15,-20,0.045673922
10,15,-20,0.045671559
15,15,-20,0.045668182
20,15,-20,0.045663966
25,15,-20,0.045659122
30,15,-20,0.045653955
35,15,-20,0.045648968
40,15,-20,0.045644986
-40,20,-20,0.045637253
-35,20,-20,0.045644472
-30,20,-20,0.045650685
-25,20,-20,0.045655901
-20,20,-20,0.045659972
-15,20,-20,0.045662822
-10,20,-20,0.045664471
-5,20,-20,0.045665007
0,20,-20,0.04566455
5,20,-20,0.045663244
10,20,-20,0.045661242
15,20,-20,0.045658712
20,20,-20,0.045655842
25,20,-20,0.045652851
30,20,-20,0.04565
35,20,-20,0.045647536
40,20,-20,0.045645454
-35,25,-20,0.045646472
-30,25,-20,0.045649284
-25,25,-20,0.045651095
-20,25,-20,0.045652192
-15,25,-20,0.045652628
-10,25,-20,0.045652461
-5,25,-20,0.045651775
0,25,-20,0.045650667
5,25,-20,0.045649257
10,25,-20,0.045647686
15,25,-20,0.045646116
20,25,-20,0.045644722
25,25,-20,0.045643707
30,25,-20,0.045643277
35,25,-20,0.045643378
-30,30,-20,0.045645182
-25,30,-20,0.045643467
-20,30,-20,0.045641391
-15,30,-20,0.045639194
-10,30,-20,0.045637053
-5,30,-20,0.045635079
0,30,-20,0.045633326
5,30,-20,0.045631863
10,30,-20,0.045630814
15,30,-20,0.045630316
20,30,-20,0.04563046
25,30,-20,0.045631318
30,30,-20,0.045632983
-25,35,-20,0.045631874
-20,35,-20,0.04562688
-15,35,-20,0.045622021
-10,35,-20,0.045617899
-5,35,-20,0.045614728
0,35,-20,0.045612448
5,35,-20,0.04561102
10,35,-20,0.045610571
15,35,-20,0.04561123
20,35,-20,0.045612861
25,35,-20,0.045615038
-20,40,-20,0.04560755
-15,40,-20,0.04560024
-10,40,-20,0.045594426
-5,40,-20,0.045590506
0,40,-20,0.045588038
5,40,-20,0.045586715
10,40,-20,0.045586791
15,40,-20,0.04558859
20,40,-20,0.045591563
-5,45,-20,0.045562105
0,45,-20,0.04556026
5,45,-20,0.045558908
-15,-45,-15,0.045588934
-10,-45,-15,0.045595768
-5,-45,-15,0.045600191
0,-45,-15,0.045601412
5,-45,-15,0.045598031
10,-45,-15,0.045587391
15,-45,-15,0.045566788
-25,-40,-15,0.045605926
-20,-40,-15,0.045608455
-15,-40,-15,0.045611651
-10,-40,-15,0.0456148
-5,-40,-15,0.045616667
0,-40,-15,0.045616154
5,-40,-15,0.045612046
10,-40,-15,0.04560291
15,-40,-15,0.04558757
20,-40,-15,0.045565627
25,-40,-15,0.045536856
-30,-35,-15,0.045616021
-25,-35,-15,0.045621766
-20,-35,-15,0.045625081
-15,-35,-15,0.045627828
-10,-35,-15,0.045629994
-5,-35,-15,0.045630898
0,-35,-15,0.045629722
5,-35,-15,0.045625617
10,-35,-15,0.045617777
15,-35,-15,0.045605625
20,-35,-15,0.045588912
25,-35,-15,0.045567302
30,-35,-15,0.045539239
-35,-30,-15,0.045609191
-30,-30,-15,0.045622737
-25,-30,-15,0.045630702
-20,-30,-15,0.045635968
-15,-30,-15,0.045639758
-10,-30,-15,0.045642265
-5,-30,-15,0.045643185
0,-30,-15,0.045642034
5,-30,-15,0.045638297
10,-30,-15,0.045631523
15,-30,-15,0.045621417
20,-30,-15,0.045607851
25,-30,-15,0.045590674
30,-30,-15,0.045569313
35,-30,-15,0.045542317
-40,-25,-15,0.04558783
-35,-25,-15,0.045611119
-30,-25,-15,0.045626097
-25,-25,-15,0.045636351
-20,-25,-15,0.045643668
-15,-25,-15,0.045648874
-10,-25,-15,0.045652216
-5,-25,-15,0.045653617
0,-25,-15,0.045652847
5,-25,-15,0.045649639
10,-25,-15,0.045643763
15,-25,-15,0.045635081
20,-25,-15,0.045623558
25,-25,-15,0.045609203
30,-25,-15,0.045591934
35,-25,-15,0.045571355
40,-25,-15,0.045546063
-40,-20,-15,0.04558789
-35,-20,-15,0.045611818
-30,-20,-15,0.045628394
-25,-20,-15,0.045640525
-20,-20,-15,0.045649517
-15,-20,-15,0.045655989
-10,-20,-15,0.045660202
-5,-20,-15,0.045662206
0,-20,-15,0.04566194
5,-20,-15,0.045659302
10,-20,-15,0.0456542
15,-20,-15,0.045646592
20,-20,-15,0.045636496
25,-20,-15,0.045623974
30,-20,-15,0.045609057
35,-20,-15,0.045591509
40,-20,-15,0.045569944
-45,-15,-15,0.045554316
-40,-15,-15,0.045589814
-35,-15,-15,0.045613489
-30,-15,-15,0.04563085
-25,-15,-15,0.045644089
-20,-15,-15,0.045654153
-15,-15,-15,0.045661507
-10,-15,-15,0.045666391
-5,-15,-15,0.045668921
0,-15,-15,0.045669134
5,-15,-15,0.045667032
10,-15,-15,0.045662611
15,-15,-15,0.045655884
20,-15,-15,0.045646889
25,-15,-15,0.045635678
30,-15,-15,0.04562224
35,-15,-15,0.045606244
40,-15,-15,0.045586188
45,-15,-15,0.045557033
-45,-10,-15,0.045564988
-40,-10,-15,0.045595036
-35,-10,-15,0.045616862
-30,-10,-15,0.04563386
-25,-10,-15,0.045647322
-20,-10,-15,0.045657792
-15,-10,-15,0.04566556
-10,-10,-15,0.045670816
-5,-10,-15,0.045673691
0,-10,-15,0.045674278
5,-10,-15,0.04567264
10,-10,-15,0.045668825
15,-10,-15,0.045662882
20,-10,-15,0.045654858
25,-10,-15,0.045644787
30,-10,-15,0.045632615
35,-10,-15,0.045617971
40,-10,-15,0.045599484
45,-10,-15,0.045572998
-45,-5,-15,0.045578815
-40,-5,-15,0.045602558
-35,-5,-15,0.045621488
-30,-5,-15,0.045637195
-25,-5,-15,0.045650114
-20,-5,-15,0.045660383
-15,-5,-15,0.045668107
-10,-5,-15,0.045673408
-5,-5,-15,0.045676409
0,-5,-15,0.045677226
5,-5,-15,0.045675958
10,-5,-15,0.045672691
15,-5,-15,0.045667496
20,-5,-15,0.045660435
25,-5,-15,0.045651547
30,-5,-15,0.04564079
35,-5,-15,0.045627868
40,-5,-15,0.045611719
45,-5,-15,0.045589145
-45,0,-15,0.045592026
-40,0,-15,0.04561045
-35,0,-15,0.04562635
-30,0,-15,0.045640296
-25,0,-15,0.045652143
-20,0,-15,0.045661725
-15,0,-15,0.045669003
-10,0,-15,0.045674034
-5,0,-15,0.045676931
0,0,-15,0.04567782
5,0,-15,0.045676824
10,0,-15,0.045674054
15,0,-15,0.045669604
20,0,-15,0.045663559
25,0,-15,0.045655986
30,0,-15,0.045646899
35,0,-15,0.045636142
40,0,-15,0.045622972
45,0,-15,0.045604847
-45,5,-15,0.045602007
-40,5,-15,0.045617038
-35,5,-15,0.045630443
-30,5,-15,0.04564256
-25,5,-15,0.04565303
-20,5,-15,0.045661558
-15,5,-15,0.04566804
-10,5,-15,0.045672511
-5,5,-15,0.045675079
0,5,-15,0.045675883
5,5,-15,0.045675061
10,5,-15,0.045672744
15,5,-15,0.045669051
20,5,-15,0.045664091
25,5,-15,0.045657969
30,5,-15,0.045650766
35,5,-15,0.04564245
40,5,-15,0.045632507
45,5,-15,0.045618716
-45,10,-15,0.045607664
-40,10,-15,0.045621358
-35,10,-15,0.045633097
-30,10,-15,0.04564353
-25,10,-15,0.045652441
-20,10,-15,0.045659613
-15,10,-15,0.045664987
-10,10,-15,0.045668623
-5,10,-15,0.045670647
0,10,-15,0.045671211
5,10,-15,0.04567047
10,10,-15,0.045668569
15,10,-15,0.045665649
20,10,-15,0.04566184
25,10,-15,0.045657275
30,10,-15,0.045652068
35,10,-15,0.045646238
40,10,-15,0.045639347
45,10,-15,0.045629252
-45,15,-15,0.045608541
-40,15,-15,0.045623018
-35,15,-15,0.045634001
-30,15,-15,0.045642931
-25,15,-15,0.045650114
-20,15,-15,0.045655635
-15,15,-15,0.045659592
-10,15,-15,0.045662124
-5,15,-15,0.045663396
0,15,-15,0.045663577
5,15,-15,0.045662832
10,15,-15,0.045661321
15,15,-15,0.045659192
20,15,-15,0.045656589
25,15,-15,0.045653644
30,15,-15,0.045650444
35,15,-15,0.045646917
40,15,-15,0.045642429
45,15,-15,0.045634554
-40,20,-15,0.045621824
-35,20,-15,0.045633021
-30,20,-15,0.045640569
-25,20,-15,0.045645797
-20,20,-15,0.045649339
-15,20,-15,0.04565156
-10,20,-15,0.045652727
-5,20,-15,0.045653053
0,20,-15,0.045652726
5,20,-15,0.045651913
10,20,-15,0.045650775
15,20,-15,0.045649459
20,20,-15,0.0456481
25,20,-15,0.045646791
30,20,-15,0.04564551
35,20,-15,0.045643884
40,20,-15,0.045640606
-40,25,-15,0.045617477
-35,25,-15,0.045629894
-30,25,-15,0.0456361
-25,25,-15,0.045639104
-20,25,-15,0.04564033
-15,25,-15,0.045640513
-10,25,-15,0.045640079
-5,25,-15,0.045639303
0,25,-15,0.045638378
5,25,-15,0.045637461
10,25,-15,0.045636697
15,25,-15,0.045636214
20,25,-15,0.045636102
25,25,-15,0.045636363
30,25,-15,0.04563677
35,25,-15,0.045636421
40,25,-15,0.045632663
-35,30,-15,0.045623727
-30,30,-15,0.045628681
-25,30,-15,0.045629302
-20,30,-15,0.045627981
-15,30,-15,0.045625905
-10,30,-15,0.045623718
-5,30,-15,0.045621765
0,30,-15,0.04562022
5,30,-15,0.045619203
10,30,-15,0.045618831
15,30,-15,0.045619183
20,30,-15,0.045620243
25,30,-15,0.045621822
30,30,-15,0.04562338
35,30,-15,0.045623324
-30,35,-15,0.045616419
-25,35,-15,0.045615019
-20,35,-15,0.045611245
-15,35,-15,0.0456069
-10,35,-15,0.045602992
-5,35,-15,0.045599955
0,35,-15,0.045597888
5,35,-15,0.045596825
10,35,-15,0.045596854
15,35,-15,0.045598
20,35,-15,0.045600021
25,35,-15,0.045602293
30,35,-15,0.045603733
-25,40,-15,0.04559389
-20,40,-15,0.045588396
-15,40,-15,0.045582151
-10,40,-15,0.045576907
-5,40,-15,0.045573218
0,40,-15,0.045570938
5,40,-15,0.045569913
10,40,-15,0.04557027
15,40,-15,0.045572067
20,40,-15,0.045574654
25,40,-15,0.045576383
-15,45,-15,0.045549375
-10,45,-15,0.045543849
-5,45,-15,0.045540631
0,45,-15,0.045538824
5,45,-15,0.045537847
10,45,-15,0.045538141
15,45,-15,0.045540221
-15,-45,-10,0.045588768
-10,-45,-10,0.045593576
-5,-45,-10,0.045597219
0,-45,-10,0.045597748
5,-45,-10,0.0455932
10,-45,-10,0.045581018
15,-45,-10,0.045558904
-25,-40,-10,0.045612632
-20,-40,-10,0.045609996
-15,-40,-10,0.045610295
-10,-40,-10,0.045611864
-5,-40,-10,0.045612761
0,-40,-10,0.045611318
5,-40,-10,0.04560598
10,-40,-10,0.045595227
15,-40,-10,0.045577887
20,-40,-10,0.045553484
25,-40,-10,0.045521786
-30,-35,-10,0.045627334
-25,-35,-10,0.045626393
-20,-35,-10,0.045625846
-15,-35,-10,0.045626214
-10,-35,-10,0.045626837
-5,-35,-10,0.045626615
0,-35,-10,0.045624405
5,-35,-10,0.045619137
10,-35,-10,0.045609869
15,-35,-10,0.045595919
20,-35,-10,0.045576921
25,-35,-10,0.045552543
30,-35,-10,0.045521841
-35,-30,-10,0.045626996
-30,-30,-10,0.045631946
-25,-30,-10,0.045634709
-20,-30,-10,0.045636613
-15,-30,-10,0.045638116
-10,-30,-10,0.045639
-5,-30,-10,0.04563869
0,-30,-10,0.045636495
5,-30,-10,0.045631738
10,-30,-10,0.04562384
15,-30,-10,0.045612388
20,-30,-10,0.045597135
25,-30,-10,0.045577881
30,-30,-10,0.045554253
35,-30,-10,0.045525595
-40,-25,-10,0.045610675
-35,-25,-10,0.045625096
-30,-25,-10,0.045634024
-25,-25,-10,0.045639994
-20,-25,-10,0.045644205
-15,-25,-10,0.045647131
-10,-25,-10,0.045648787
-5,-25,-10,0.045648922
0,-25,-10,0.045647162
5,-25,-10,0.045643117
10,-25,-10,0.045636449
15,-25,-10,0.045626913
20,-25,-10,0.045614363
25,-25,-10,0.045598694
30,-25,-10,0.045579741
35,-25,-10,0.045557075
40,-25,-10,0.045529385
-40,-20,-10,0.045605152
-35,-20,-10,0.045623322
-30,-20,-10,0.045635268
-25,-20,-10,0.045643682
-20,-20,-10,0.045649751
-15,-20,-10,0.045653979
-10,-20,-10,0.045656506
-5,-20,-10,0.045657273
0,-20,-10,0.045656115
5,-20,-10,0.045652837
10,-20,-10,0.045647261
15,-20,-10,0.045639255
20,-20,-10,0.045628734
25,-20,-10,0.045615623
30,-20,-10,0.045599747
35,-20,-10,0.045580527
40,-20,-10,0.045556101
-45,-15,-10,0.045574697
-40,-15,-10,0.045604211
-35,-15,-10,0.045623289
-30,-15,-10,0.045636692
-25,-15,-10,0.045646561
-20,-15,-10,0.045653871
-15,-15,-10,0.045659066
-10,-15,-10,0.04566233
-5,-15,-10,0.045663705
0,-15,-10,0.045663154
5,-15,-10,0.04566061
10,-15,-10,0.045656
15,-15,-10,0.04564927
20,-15,-10,0.045640371
25,-15,-10,0.045629228
30,-15,-10,0.045615623
35,-15,-10,0.045598881
40,-15,-10,0.045577089
45,-15,-10,0.045545284
-45,-10,-10,0.045583296
-40,-10,-10,0.045607557
-35,-10,-10,0.045625165
-30,-10,-10,0.045638555
-25,-10,-10,0.045648913
-20,-10,-10,0.045656816
-15,-10,-10,0.045662564
-10,-10,-10,0.045666316
-5,-10,-10,0.045668157
0,-10,-10,0.045668125
5,-10,-10,0.045666232
10,-10,-10,0.045662479
15,-10,-10,0.045656863
20,-10,-10,0.045649369
25,-10,-10,0.045639931
30,-10,-10,0.045628335
35,-10,-10,0.045613963
40,-10,-10,0.045595239
45,-10,-10,0.0455685
-45,-5,-10,0.045594441
-40,-5,-10,0.045612911
-35,-5,-10,0.045628057
-30,-5,-10,0.045640528
-25,-5,-10,0.045650644
-20,-5,-10,0.045658582
-15,-5,-10,0.045664472
-10,-5,-10,0.045668424
-5,-5,-10,0.045670534
0,-5,-10,0.045670882
5,-5,-10,0.045669533
10,-5,-10,0.045666539
15,-5,-10,0.045661939
20,-5,-10,0.045655754
25,-5,-10,0.04564795
30,-5,-10,0.045638363
35,-5,-10,0.045626516
40,-5,-10,0.045611221
45,-5,-10,0.045589799
-45,0,-10,0.045603265
-40,0,-10,0.045617827
-35,0,-10,0.045630758
-30,0,-10,0.045642017
-25,0,-10,0.045651459
-20,0,-10,0.045659008
-15,0,-10,0.045664677
-10,0,-10,0.045668541
-5,0,-10,0.045670701
0,0,-10,0.045671267
5,0,-10,0.045670343
10,0,-10,0.045668019
15,0,-10,0.045664374
20,0,-10,0.045659464
25,0,-10,0.045653301
30,0,-10,0.045645796
35,0,-10,0.045636609
40,0,-10,0.045624786
45,0,-10,0.045607948
-45,5,-10,0.045607781
-40,5,-10,0.045620807
-35,5,-10,0.045632325
-30,5,-10,0.045642462
-25,5,-10,0.045651021
-20,5,-10,0.04565787
-15,5,-10,0.045663001
-10,5,-10,0.045666498
-5,5,-10,0.045668484
0,5,-10,0.045669097
5,5,-10,0.045668474
10,5,-10,0.045666738
15,5,-10,0.045663999
20,5,-10,0.045660352
25,5,-10,0.045655854
30,5,-10,0.045650487
35,5,-10,0.045644015
40,5,-10,0.045635599
45,5,-10,0.045622774
-45,10,-10,0.045608266
-40,10,-10,0.045621377
-35,10,-10,0.045632268
-30,10,-10,0.04564149
-25,10,-10,0.045649045
-20,10,-10,0.045654931
-15,10,-10,0.045659229
-10,10,-10,0.045662085
-5,10,-10,0.045663669
0,10,-10,0.045664156
5,10,-10,0.045663709
10,10,-10,0.045662481
15,10,-10,0.045660607
20,10,-10,0.045658208
25,10,-10,0.04565538
30,10,-10,0.045652152
35,10,-10,0.045648368
40,10,-10,0.045643299
45,10,-10,0.045634552
-45,15,-10,0.045605267
-40,15,-10,0.045619521
-35,15,-10,0.045630443
-30,15,-10,0.045638913
-25,15,-10,0.04564532
-20,15,-10,0.04564996
-15,15,-10,0.045653114
-10,15,-10,0.045655046
-5,15,-10,0.045655999
0,15,-10,0.045656187
5,15,-10,0.045655797
10,15,-10,0.045655
15,15,-10,0.04565395
20,15,-10,0.045652779
25,15,-10,0.045651595
30,15,-10,0.045650433
35,15,-10,0.045649157
40,15,-10,0.045647143
45,15,-10,0.045642425
-40,20,-10,0.045615197
-35,20,-10,0.045626869
-30,20,-10,0.045634653
-25,20,-10,0.045639656
-20,20,-10,0.045642691
-15,20,-10,0.045644349
-10,20,-10,0.045645064
-5,20,-10,0.04564516
0,20,-10,0.045644885
5,20,-10,0.045644444
10,20,-10,0.045644015
15,20,-10,0.04564375
20,20,-10,0.045643779
25,20,-10,0.04564418
30,20,-10,0.045644926
35,20,-10,0.045645746
40,20,-10,0.045645877
-40,25,-10,0.045608489
-35,25,-10,0.045621693
-30,25,-10,0.045628631
-25,25,-10,0.045631783
-20,25,-10,0.045632747
-15,25,-10,0.045632518
-10,25,-10,0.045631722
-5,25,-10,0.045630755
0,25,-10,0.045629885
5,25,-10,0.045629311
10,25,-10,0.045629201
15,25,-10,0.045629693
20,25,-10,0.045630885
25,25,-10,0.045632789
30,25,-10,0.045635222
35,25,-10,0.045637549
40,25,-10,0.045638237
-35,30,-10,0.045615173
-30,30,-10,0.045620591
-25,30,-10,0.045621181
-20,30,-10,0.045619512
-15,30,-10,0.045617002
-10,30,-10,0.045614447
-5,30,-10,0.045612279
0,30,-10,0.045610741
5,30,-10,0.045609995
10,30,-10,0.045610182
15,30,-10,0.045611411
20,30,-10,0.045613718
25,30,-10,0.045617007
30,30,-10,0.045620891
35,30,-10,0.045624197
-30,35,-10,0.04560971
-25,35,-10,0.0456068
-20,35,-10,0.045601942
-15,35,-10,0.045596855
-10,35,-10,0.045592431
-5,35,-10,0.045589069
0,35,-10,0.045586902
5,35,-10,0.045586011
10,35,-10,0.045586504
15,35,-10,0.045588459
20,35,-10,0.045591802
25,35,-10,0.045596263
30,35,-10,0.045601273
-25,40,-10,0.045586659
-20,40,-10,0.045578323
-15,40,-10,0.045570632
-10,40,-10,0.045564526
-5,40,-10,0.045560252
0,40,-10,0.045557688
5,40,-10,0.045556756
10,40,-10,0.045557582
15,40,-10,0.045560266
20,40,-10,0.045564539
25,40,-10,0.045569725
-15,45,-10,0.045536182
-10,45,-10,0.045529109
-5,45,-10,0.045524708
0,45,-10,0.04552227
5,45,-10,0.045521445
10,45,-10,0.045522579
15,45,-10,0.045526054
-20,-45,-5,0.045596999
-15,-45,-5,0.045594097
-10,-45,-5,0.045596264
-5,-45,-5,0.045598901
0,-45,-5,0.045599071
5,-45,-5,0.045594381
10,-45,-5,0.045582403
15,-45,-5,0.045561376
20,-45,-5,0.045531437
-25,-40,-5,0.045625639
-20,-40,-5,0.045616387
-15,-40,-5,0.045613152
-10,-40,-5,0.045612885
-5,-40,-5,0.045612821
0,-40,-5,0.045610769
5,-40,-5,0.045604913
10,-40,-5,0.045593703
15,-40,-5,0.045576126
20,-40,-5,0.045552044
25,-40,-5,0.045522057
-35,-35,-5,0.045659881
-30,-35,-5,0.045644885
-25,-35,-5,0.045635622
-20,-35,-5,0.045630502
-15,-35,-5,0.045628239
-10,-35,-5,0.045627295
-5,-35,-5,0.045626075
0,-35,-5,0.045623133
5,-35,-5,0.045617218
10,-35,-5,0.045607313
15,-35,-5,0.045592748
20,-35,-5,0.045573288
25,-35,-5,0.045549065
30,-35,-5,0.045520498
35,-35,-5,0.045488986
-35,-30,-5,0.045651223
-30,-30,-5,0.045645589
-25,-30,-5,0.045642365
-20,-30,-5,0.045640673
-15,-30,-5,0.045639894
-10,-30,-5,0.045639268
-5,-30,-5,0.045637914
0,-30,-5,0.045634944
5,-30,-5,0.045629553
10,-30,-5,0.045621077
15,-30,-5,0.045609062
20,-30,-5,0.045593288
25,-30,-5,0.045573769
30,-30,-5,0.045550829
35,-30,-5,0.045525585
-40,-25,-5,0.045641891
-35,-25,-5,0.045643862
-30,-25,-5,0.045645472
-25,-25,-5,0.045646833
-20,-25,-5,0.045647969
-15,-25,-5,0.045648767
-10,-25,-5,0.045648924
-5,-25,-5,0.045647997
0,-25,-5,0.04564548
5,-25,-5,0.045640887
10,-25,-5,0.045633802
15,-25,-5,0.045623923
20,-25,-5,0.045611078
25,-25,-5,0.045595221
30,-25,-5,0.045576464
35,-25,-5,0.04555518
40,-25,-5,0.045532066
-45,-20,-5,0.045613183
-40,-20,-5,0.045629025
-35,-20,-5,0.045638721
-30,-20,-5,0.045645235
-25,-20,-5,0.045649866
-20,-20,-5,0.045653184
-15,-20,-5,0.04565539
-10,-20,-5,0.045656449
-5,-20,-5,0.045656179
0,-20,-5,0.045654327
5,-20,-5,0.045650623
10,-20,-5,0.045644825
15,-20,-5,0.045636745
20,-20,-5,0.045626251
25,-20,-5,0.045613249
30,-20,-5,0.045597636
35,-20,-5,0.045579175
40,-20,-5,0.045557126
45,-20,-5,0.045529212
-45,-15,-5,0.045605651
-40,-15,-5,0.045623845
-35,-15,-5,0.045636427
-30,-15,-5,0.045645434
-25,-15,-5,0.045652032
-20,-15,-5,0.045656833
-15,-15,-5,0.045660122
-10,-15,-5,0.045661986
-5,-15,-5,0.045662391
0,-15,-5,0.045661239
5,-15,-5,0.045658406
10,-15,-5,0.045653772
15,-15,-5,0.045647233
20,-15,-5,0.045638696
25,-15,-5,0.045628045
30,-15,-5,0.045615067
35,-15,-5,0.045599285
40,-15,-5,0.045579635
45,-15,-5,0.045553973
-45,-10,-5,0.045609642
-40,-10,-5,0.045624282
-35,-10,-5,0.045636441
-30,-10,-5,0.045646069
-25,-10,-5,0.045653533
-20,-10,-5,0.045659155
-15,-10,-5,0.045663142
-10,-10,-5,0.045665601
-5,-10,-5,0.045666571
0,-10,-5,0.045666049
5,-10,-5,0.045664007
10,-10,-5,0.045660412
15,-10,-5,0.045655227
20,-10,-5,0.045648402
25,-10,-5,0.04563984
30,-10,-5,0.04562933
35,-10,-5,0.045616437
40,-10,-5,0.045600391
45,-10,-5,0.045580215
-45,-5,-5,0.045616607
-40,-5,-5,0.045626857
-35,-5,-5,0.045637408
-30,-5,-5,0.045646668
-25,-5,-5,0.045654259
-20,-5,-5,0.045660168
-15,-5,-5,0.045664476
-10,-5,-5,0.045667273
-5,-5,-5,0.045668632
0,-5,-5,0.045668609
5,-5,-5,0.045667243
10,-5,-5,0.045664567
15,-5,-5,0.045660601
20,-5,-5,0.045655343
25,-5,-5,0.045648742
30,-5,-5,0.045640655
35,-5,-5,0.045630787
40,-5,-5,0.045618704
45,-5,-5,0.045604206
-45,0,-5,0.045620601
-40,0,-5,0.045628625
-35,0,-5,0.045637932
-30,0,-5,0.045646598
-25,0,-5,0.045653933
-20,0,-5,0.045659746
-15,0,-5,0.045664045
-10,0,-5,0.045666912
-5,0,-5,0.04566845
0,0,-5,0.045668761
5,0,-5,0.045667939
10,0,-5,0.045666065
15,0,-5,0.045663211
20,0,-5,0.045659424
25,0,-5,0.045654712
30,0,-5,0.045649012
35,0,-5,0.045642146
40,0,-5,0.045633815
45,0,-5,0.045623764
-45,5,-5,0.045620019
-40,5,-5,0.045628216
-35,5,-5,0.045637139
-30,5,-5,0.045645358
-25,5,-5,0.045652272
-20,5,-5,0.045657709
-15,5,-5,0.045661701
-10,5,-5,0.045664368
-5,5,-5,0.045665858
0,5,-5,0.045666321
5,5,-5,0.045665895
10,5,-5,0.045664708
15,5,-5,0.045662871
20,5,-5,0.045660478
25,5,-5,0.045657595
30,5,-5,0.045654234
35,5,-5,0.045650311
40,5,-5,0.045645559
45,5,-5,0.045639353
-45,10,-5,0.045616297
-40,10,-5,0.04562564
-35,10,-5,0.045634762
-30,10,-5,0.045642695
-25,10,-5,0.045649069
-20,10,-5,0.045653872
-15,10,-5,0.045657258
-10,10,-5,0.045659442
-5,10,-5,0.045660642
0,10,-5,0.04566106
5,10,-5,0.045660878
10,10,-5,0.045660258
15,10,-5,0.045659347
20,10,-5,0.045658276
25,10,-5,0.045657157
30,10,-5,0.045656076
35,10,-5,0.045655072
40,10,-5,0.045654063
45,10,-5,0.045652593
-45,15,-5,0.04561115
-40,15,-5,0.045621422
-35,15,-5,0.045630935
-30,15,-5,0.045638583
-25,15,-5,0.045644205
-20,15,-5,0.045648052
-15,15,-5,0.045650492
-10,15,-5,0.045651883
-5,15,-5,0.045652533
0,15,-5,0.045652701
5,15,-5,0.045652606
10,15,-5,0.045652436
15,15,-5,0.045652361
20,15,-5,0.045652537
25,15,-5,0.045653107
30,15,-5,0.045654219
35,15,-5,0.045656071
40,15,-5,0.045659019
45,15,-5,0.045663763
-45,20,-5,0.045604704
-40,20,-5,0.045616029
-35,20,-5,0.045626026
-30,20,-5,0.045633161
-25,20,-5,0.045637614
-20,20,-5,0.045640044
-15,20,-5,0.045641114
-10,20,-5,0.04564136
-5,20,-5,0.045641187
0,20,-5,0.045640899
5,20,-5,0.045640739
10,20,-5,0.045640909
15,20,-5,0.04564159
20,20,-5,0.045642948
25,20,-5,0.045645136
30,20,-5,0.045648326
35,20,-5,0.045652823
40,20,-5,0.045659443
45,20,-5,0.045670536
-40,25,-5,0.045610336
-35,25,-5,0.045620779
-30,25,-5,0.045626727
-25,25,-5,0.045629222
-20,25,-5,0.045629545
-15,25,-5,0.045628712
-10,25,-5,0.045627427
-5,25,-5,0.045626157
0,25,-5,0.045625224
5,25,-5,0.045624866
10,25,-5,0.045625287
15,25,-5,0.045626667
20,25,-5,0.045629175
25,25,-5,0.045632963
30,25,-5,0.045638185
35,25,-5,0.045645093
40,25,-5,0.045654526
-35,30,-5,0.04561672
-30,30,-5,0.045619726
-25,30,-5,0.045618832
-20,30,-5,0.045616051
-15,30,-5,0.045612671
-10,30,-5,0.04560946
-5,30,-5,0.04560686
0,30,-5,0.045605139
5,30,-5,0.045604496
10,30,-5,0.045605115
15,30,-5,0.045607181
20,30,-5,0.045610874
25,30,-5,0.04561638
30,30,-5,0.045623879
35,30,-5,0.045633499
-35,35,-5,0.04561632
-30,35,-5,0.045612549
-25,35,-5,0.045605901
-20,35,-5,0.045598683
-15,35,-5,0.045592058
-10,35,-5,0.045586594
-5,35,-5,0.045582534
0,35,-5,0.045579981
5,35,-5,0.045579039
10,35,-5,0.045579872
15,35,-5,0.045582685
20,35,-5,0.045587706
25,35,-5,0.045595254
30,35,-5,0.045605818
35,35,-5,0.045619852
-25,40,-5,0.045589184
-20,40,-5,0.045575996
-15,40,-5,0.045565515
-10,40,-5,0.04555767
-5,40,-5,0.045552233
0,40,-5,0.045548968
5,40,-5,0.045547821
10,40,-5,0.045548982
15,40,-5,0.045552745
20,40,-5,0.045559416
25,40,-5,0.045569549
-20,45,-5,0.045545858
-15,45,-5,0.045531218
-10,45,-5,0.045521236
-5,45,-5,0.04551486
0,45,-5,0.045511236
5,45,-5,0.045510102
10,45,-5,0.045511851
15,45,-5,0.045517073
20,45,-5,0.045526123
0,-50,0,0.045596538
-20,-45,0,0.045603955
-15,-45,0,0.045598705
-10,-45,0,0.045599995
-5,-45,0,0.045602492
0,-45,0,0.045602845
5,-45,0,0.04559851
10,-45,0,0.045587159
15,-45,0,0.045567366
20,-45,0,0.045539889
-30,-40,0,0.045659295
-25,-40,0,0.045634915
-20,-40,0,0.045622243
-15,-40,0,0.045617255
-10,-40,0,0.045616126
-5,-40,0,0.045615672
0,-40,0,0.045613467
5,-40,0,0.045607592
10,-40,0,0.045596508
15,-40,0,0.045579318
20,-40,0,0.04555616
25,-40,0,0.045528256
30,-40,0,0.04549769
-35,-35,0,0.04568247
-30,-35,0,0.04565835
-25,-35,0,0.045644203
-20,-35,0,0.045636333
-15,-35,0,0.045632456
-10,-35,0,0.045630543
-5,-35,0,0.04562874
0,-35,0,0.045625454
5,-35,0,0.045619354
10,-35,0,0.045609393
15,-35,0,0.045594924
20,-35,0,0.045575818
25,-35,0,0.045552519
30,-35,0,0.045526268
35,-35,0,0.045500435
-40,-30,0,0.045692781
-35,-30,0,0.045670384
-30,-30,0,0.045658074
-25,-30,0,0.045650903
-20,-30,0,0.045646728
-15,-30,0,0.045644319
-10,-30,0,0.045642607
-5,-30,0,0.045640541
0,-30,0,0.045637131
5,-30,0,0.045631503
10,-30,0,0.045622955
15,-30,0,0.045611011
20,-30,0,0.045595478
25,-30,0,0.045576503
30,-30,0,0.045554822
35,-30,0,0.045532622
40,-30,0,0.045515566
-40,-25,0,0.045667511
-35,-25,0,0.045660976
-30,-25,0,0.045657406
-25,-25,0,0.045655364
-20,-25,0,0.045654148
-15,-25,0,0.045653283
-10,-25,0,0.045652278
-5,-25,0,0.045650572
0,-25,0,0.045647585
5,-25,0,0.045642773
10,-25,0,0.045635678
15,-25,0,0.045625967
20,-25,0,0.045613453
25,-25,0,0.045598131
30,-25,0,0.045580292
35,-25,0,0.045560859
40,-25,0,0.045542005
-45,-20,0,0.045646226
-40,-20,0,0.045651127
-35,-20,0,0.045654371
-30,-20,0,0.045656618
-25,-20,0,0.045658202
-20,-20,0,0.045659273
-15,-20,0,0.045659823
-10,-20,0,0.045659698
-5,-20,0,0.04565864
0,-20,0,0.045656334
5,-20,0,0.045652467
10,-20,0,0.045646758
15,-20,0,0.045638988
20,-20,0,0.045629
25,-20,0,0.0456167
30,-20,0,0.045602059
35,-20,0,0.04558515
40,-20,0,0.045566199
45,-20,0,0.045545637
-45,-15,0,0.045633969
-40,-15,0,0.045643467
-35,-15,0,0.045650772
-30,-15,0,0.045656098
-25,-15,0,0.04565993
-20,-15,0,0.045662609
-15,-15,0,0.0456643
-10,-15,0,0.045665014
-5,-15,0,0.045664665
0,-15,0,0.04566311
5,-15,0,0.045660191
10,-15,0,0.045655757
15,-15,0,0.045649681
20,-15,0,0.045641849
25,-15,0,0.045632142
30,-15,0,0.045620392
35,-15,0,0.045606352
40,-15,0,0.045589752
45,-15,0,0.045570782
-45,-10,0,0.045634382
-40,-10,0,0.04564169
-35,-10,0,0.045649369
-30,-10,0,0.045655785
-25,-10,0,0.045660758
-20,-10,0,0.045664427
-15,-10,0,0.045666922
-10,-10,0,0.04566831
-5,-10,0,0.045668594
0,-10,0,0.045667741
5,-10,0,0.045665699
10,-10,0,0.045662415
15,-10,0,0.045657838
20,-10,0,0.045651911
25,-10,0,0.045644541
30,-10,0,0.045635573
35,-10,0,0.045624798
40,-10,0,0.045612191
45,-10,0,0.045598964
-45,-5,0,0.04563764
-40,-5,0,0.04564182
-35,-5,0,0.045648659
-30,-5,0,0.045655196
-25,-5,0,0.045660616
-20,-5,0,0.045664787
-15,-5,0,0.045667755
-10,-5,0,0.045669592
-5,-5,0,0.045670355
0,-5,0,0.045670082
5,-5,0,0.045668803
10,-5,0,0.045666539
15,-5,0,0.045663306
20,-5,0,0.045659109
25,-5,0,0.045653915
30,-5,0,0.04564765
35,-5,0,0.045640248
40,-5,0,0.045631989
45,-5,0,0.045624707
-50,0,0,0.045645293
-45,0,0,0.04563734
-40,0,0,0.045640759
-35,0,0,0.045647239
-30,0,0,0.045653747
-25,0,0,0.045659289
-20,0,0,0.045663621
-15,0,0,0.045666759
-10,0,0,0.045668795
-5,0,0,0.045669835
0,0,0,0.045671105
5,0,0,0.045669321
10,0,0,0.045667942
15,0,0,0.04566592
20,0,0,0.045663315
25,0,0,0.045660168
30,0,0,0.045656488
35,0,0,0.045652321
40,0,0,0.045648015
45,0,0,0.045645143
50,0,0,0.045649127
-45,5,0,0.045632194
-40,5,0,0.045637319
-35,5,0,0.045644361
-30,5,0,0.045651037
-25,5,0,0.045656569
-20,5,0,0.045660804
-15,5,0,0.045663825
-10,5,0,0.045665793
-5,5,0,0.045666881
0,5,0,0.045667249
5,5,0,0.045667048
10,5,0,0.045666413
15,5,0,0.045665471
20,5,0,0.045664337
25,5,0,0.045663112
30,5,0,0.045661886
35,5,0,0.045660785
40,5,0,0.045660134
45,5,0,0.045660955
-45,10,0,0.045624457
-40,10,0,0.045631918
-35,10,0,0.045639987
-30,10,0,0.045646955
-25,10,0,0.045652344
-20,10,0,0.045656213
-15,10,0,0.045658807
-10,10,0,0.04566041
-5,10,0,0.045661283
0,10,0,0.045661658
5,10,0,0.045661734
10,10,0,0.045661693
15,10,0,0.045661702
20,10,0,0.045661917
25,10,0,0.045662493
30,10,0,0.045663601
35,10,0,0.045665502
40,10,0,0.045668727
45,10,0,0.045674485
-45,15,0,0.045616782
-40,15,0,0.045625566
-35,15,0,0.045634526
-30,15,0,0.045641641
-25,15,0,0.045646599
-20,15,0,0.04564973
-15,15,0,0.045651516
-10,15,0,0.045652407
-5,15,0,0.045652773
0,15,0,0.045652914
5,15,0,0.045653076
10,15,0,0.045653473
15,15,0,0.045654301
20,15,0,0.045655746
25,15,0,0.045658003
30,15,0,0.045661329
35,15,0,0.04566621
40,15,0,0.045673778
45,15,0,0.045686767
-45,20,0,0.045610073
-40,20,0,0.045619208
-35,20,0,0.045628655
-30,20,0,0.045635434
-25,20,0,0.045639389
-20,20,0,0.045641215
-15,20,0,0.045641692
-10,20,0,0.045641459
-5,20,0,0.045640993
0,20,0,0.045640646
5,20,0,0.045640696
10,20,0,0.045641377
15,20,0,0.045642901
20,20,0,0.045645472
25,20,0,0.045649315
30,20,0,0.04565476
35,20,0,0.045662525
40,20,0,0.045674534
45,20,0,0.045695975
-40,25,0,0.045614313
-35,25,0,0.045623549
-30,25,0,0.045628905
-25,25,0,0.045630792
-20,25,0,0.045630439
-15,25,0,0.045628947
-10,25,0,0.045627111
-5,25,0,0.045625466
0,25,0,0.04562438
5,25,0,0.04562413
10,25,0,0.045624954
15,25,0,0.045627076
20,25,0,0.045630722
25,25,0,0.045636154
30,25,0,0.045643764
35,25,0,0.045654405
40,25,0,0.045670504
-40,30,0,0.045614815
-35,30,0,0.045621492
-30,30,0,0.04562294
-25,30,0,0.045620832
-20,30,0,0.045616983
-15,30,0,0.045612679
-10,30,0,0.045608714
-5,30,0,0.045605559
0,30,0,0.045603512
5,30,0,0.045602808
10,30,0,0.045603671
15,30,0,0.045606347
20,30,0,0.045611121
25,30,0,0.04561837
30,30,0,0.045628657
35,30,0,0.045642974
40,30,0,0.045663705
-35,35,0,0.045626352
-30,35,0,0.045618648
-25,35,0,0.045609283
-20,35,0,0.045600083
-15,35,0,0.045591973
-10,35,0,0.045585371
-5,35,0,0.045580449
0,35,0,0.045577299
5,35,0,0.04557605
10,35,0,0.045576917
15,35,0,0.045580199
20,35,0,0.045586325
25,35,0,0.045595988
30,35,0,0.04561035
35,35,0,0.045631169
-30,40,0,0.045616846
-25,40,0,0.045595344
-20,40,0,0.045578451
-15,40,0,0.045565512
-10,40,0,0.045555906
-5,40,0,0.045549131
0,40,0,0.045544874
5,40,0,0.045543099
10,40,0,0.045544052
15,40,0,0.045548175
20,40,0,0.045556145
25,40,0,0.045569276
30,40,0,0.045590232
-20,45,0,0.04555021
-15,45,0,0.045531622
-10,45,0,0.045518949
-5,45,0,0.045510522
0,45,0,0.045505351
5,45,0,0.045503205
10,45,0,0.045504534
15,45,0,0.045510115
20,45,0,0.045520949
0,50,0,0.045458069
-20,-45,5,0.045601844
-15,-45,5,0.045599715
-10,-45,5,0.045602841
-5,-45,5,0.045606385
0,-45,5,0.045607377
5,-45,5,0.045603467
10,-45,5,0.045592315
15,-45,5,0.045572365
20,-45,5,0.04554424
-25,-40,5,0.045635783
-20,-40,5,0.045625166
-15,-40,5,0.045621297
-10,-40,5,0.04562076
-5,-40,5,0.04562064
0,-40,5,0.045618698
5,-40,5,0.045613108
10,-40,5,0.045602335
15,-40,5,0.045585418
20,-40,5,0.04556238
25,-40,5,0.045534197
-35,-35,5,0.04568373
-30,-35,5,0.04566268
-25,-35,5,0.045649705
-20,-35,5,0.045642145
-15,-35,5,0.045638228
-10,-35,5,0.045636178
-5,-35,5,0.04563428
0,-35,5,0.045631024
5,-35,5,0.04562512
10,-35,5,0.045615521
15,-35,5,0.045601535
20,-35,5,0.045582936
25,-35,5,0.045559941
30,-35,5,0.045533258
35,-35,5,0.04550514
-35,-30,5,0.0456785
-30,-30,5,0.045666634
-25,-30,5,0.04565902
-20,-30,5,0.045654125
-15,-30,5,0.045651011
-10,-30,5,0.045648743
-5,-30,5,0.045646332
0,-30,5,0.045642815
5,-30,5,0.045637331
10,-30,5,0.045629167
15,-30,5,0.045617814
20,-30,5,0.045603005
25,-30,5,0.045584714
30,-30,5,0.045563306
35,-30,5,0.045540237
-40,-25,5,0.045679744
-35,-25,5,0.04567299
-30,-25,5,0.045668271
-25,-25,5,0.045664834
-20,-25,5,0.045662313
-15,-25,5,0.04566038
-10,-25,5,0.045658595
-5,-25,5,0.045656412
0,-25,5,0.045653248
5,-25,5,0.045648554
10,-25,5,0.045641859
15,-25,5,0.045632806
20,-25,5,0.045621159
25,-25,5,0.045606802
30,-25,5,0.045589795
35,-25,5,0.045570621
40,-25,5,0.045550702
-45,-20,5,0.045662009
-40,-20,5,0.04566662
-35,-20,5,0.045668232
-30,-20,5,0.045668491
-25,-20,5,0.045668192
-20,-20,5,0.045667673
-15,-20,5,0.045666985
-10,-20,5,0.045665983
-5,-20,5,0.045664393
0,-20,5,0.045661887
5,-20,5,0.045658136
10,-20,5,0.045652849
15,-20,5,0.045645792
20,-20,5,0.045636783
25,-20,5,0.045625668
30,-20,5,0.045612298
35,-20,5,0.045596497
40,-20,5,0.045578047
45,-20,5,0.04555666
-45,-15,5,0.045651647
-40,-15,5,0.045659939
-35,-15,5,0.045665058
-30,-15,5,0.045668087
-25,-15,5,0.045669871
-20,-15,5,0.045670879
-15,-15,5,0.045671295
-10,-15,5,0.045671118
-5,-15,5,0.045670238
0,-15,5,0.045668493
5,-15,5,0.045665708
10,-15,5,0.045661727
15,-15,5,0.045656416
20,-15,5,0.045649658
25,-15,5,0.045641315
30,-15,5,0.045631173
35,-15,5,0.045618869
40,-15,5,0.04560388
45,-15,5,0.045585926
-45,-10,5,0.045651621
-40,-10,5,0.045657626
-35,-10,5,0.045663117
-30,-10,5,0.045667278
-25,-10,5,0.045670263
-20,-10,5,0.045672317
-15,-10,5,0.045673589
-10,-10,5,0.04567413
-5,-10,5,0.045673921
0,-10,5,0.04567291
5,-10,5,0.045671034
10,-10,5,0.045668239
15,-10,5,0.045664478
20,-10,5,0.045659706
25,-10,5,0.045653844
30,-10,5,0.045646741
35,-10,5,0.045638156
40,-10,5,0.045627947
45,-10,5,0.045617038
-45,-5,5,0.045652907
-40,-5,5,0.045656229
-35,-5,5,0.04566124
-30,-5,5,0.045665797
-25,-5,5,0.045669432
-20,-5,5,0.045672137
-15,-5,5,0.045673991
-10,-5,5,0.04567506
-5,-5,5,0.045675389
0,-5,5,0.045675005
5,-5,5,0.04567393
10,-5,5,0.045672191
15,-5,5,0.04566982
20,-5,5,0.045666842
25,-5,5,0.045663263
30,-5,5,0.045659043
35,-5,5,0.045654138
40,-5,5,0.045648793
45,-5,5,0.045644683
-45,0,5,0.045649556
-40,0,5,0.045653003
-35,0,5,0.045658274
-30,0,5,0.045663229
-25,0,5,0.045667278
-20,0,5,0.045670346
-15,0,5,0.045672509
-10,0,5,0.045673874
-5,0,5,0.045674548
0,0,5,0.045674629
5,0,5,0.045674211
10,0,5,0.045673389
15,0,5,0.04567226
20,0,5,0.04567092
25,0,5,0.04566945
30,0,5,0.045667916
35,0,5,0.045666402
40,0,5,0.045665252
45,0,5,0.045665919
-45,5,5,0.045640608
-40,5,5,0.045647036
-35,5,5,0.045653679
-30,5,5,0.045659322
-25,5,5,0.045663699
-20,5,5,0.045666891
-15,5,5,0.045669083
-10,5,5,0.045670476
-5,5,5,0.045671258
0,5,5,0.045671603
5,5,5,0.045671668
10,5,5,0.045671607
15,5,5,0.045671573
20,5,5,0.045671717
25,5,5,0.045672186
30,5,5,0.045673119
35,5,5,0.04567467
40,5,5,0.045677124
45,5,5,0.045681316
-45,10,5,0.045628698
-40,10,5,0.045639021
-35,10,5,0.045647616
-30,10,5,0.045654108
-25,10,5,0.045658683
-20,10,5,0.045661719
-15,10,5,0.045663612
-10,10,5,0.045664716
-5,10,5,0.045665327
0,10,5,0.045665697
5,10,5,0.045666044
10,10,5,0.045666571
15,10,5,0.045667474
20,10,5,0.045668945
25,10,5,0.045671175
30,10,5,0.045674366
35,10,5,0.045678759
40,10,5,0.045684755
45,10,5,0.0456932
-45,15,5,0.045616941
-40,15,5,0.045630254
-35,15,5,0.045640685
-30,15,5,0.045647859
-25,15,5,0.045652306
-20,15,5,0.045654774
-15,15,5,0.045655949
-10,15,5,0.045656381
-5,15,5,0.045656493
0,15,5,0.045656615
5,15,5,0.04565702
10,15,5,0.045657947
15,15,5,0.045659619
20,15,5,0.045662251
25,15,5,0.045666062
30,15,5,0.045671302
35,15,5,0.045678366
40,15,5,0.045688121
45,15,5,0.045702698
-45,20,5,0.045606655
-40,20,5,0.04562191
-35,20,5,0.04563371
-30,20,5,0.04564102
-25,20,5,0.045644702
-20,20,5,0.045645971
-15,20,5,0.045645868
-10,20,5,0.045645163
-5,20,5,0.045644401
0,20,5,0.045643976
5,20,5,0.045644196
10,20,5,0.04564532
15,20,5,0.045647587
20,20,5,0.045651222
25,20,5,0.045656446
30,20,5,0.045663534
35,20,5,0.045673026
40,20,5,0.045686422
45,20,5,0.045708053
-40,25,5,0.045615509
-35,25,5,0.045627919
-30,25,5,0.045634212
-25,25,5,0.045635991
-20,25,5,0.045635114
-15,25,5,0.045633002
-10,25,5,0.045630614
-5,25,5,0.045628567
0,25,5,0.04562728
5,25,5,0.045627063
10,25,5,0.045628181
15,25,5,0.045630876
20,25,5,0.045635381
25,25,5,0.045641925
30,25,5,0.045650781
35,25,5,0.045662516
40,25,5,0.045678959
-35,30,5,0.045625493
-30,30,5,0.045628285
-25,30,5,0.045626188
-20,30,5,0.045621781
-15,30,5,0.045616744
-10,30,5,0.045612069
-5,30,5,0.045608327
0,30,5,0.045605875
5,30,5,0.045604982
10,30,5,0.045605898
15,30,5,0.045608877
20,30,5,0.045614189
25,30,5,0.045622138
30,30,5,0.045633089
35,30,5,0.045647607
-35,35,5,0.045630034
-30,35,5,0.045624208
-25,35,5,0.045614982
-20,35,5,0.045605149
-15,35,5,0.04559613
-10,35,5,0.045588584
-5,35,5,0.045582799
0,35,5,0.045578936
5,35,5,0.045577162
10,35,5,0.045577709
15,35,5,0.045580871
20,35,5,0.045587032
25,35,5,0.04559676
30,35,5,0.04561092
35,35,5,0.045630661
-25,40,5,0.045601369
-20,40,5,0.045583776
-15,40,5,0.045569727
-10,40,5,0.045558882
-5,40,5,0.045550874
0,40,5,0.045545468
5,40,5,0.045542671
10,40,5,0.045542735
15,40,5,0.045546073
20,40,5,0.045553281
25,40,5,0.045565491
-20,45,5,0.045555461
-15,45,5,0.04553562
-10,45,5,0.045521415
-5,45,5,0.04551131
0,45,5,0.045504404
5,45,5,0.045500516
10,45,5,0.045500086
15,45,5,0.045503824
20,45,5,0.045512606
-15,-45,10,0.045600303
-10,-45,10,0.045606702
-5,-45,10,0.045611688
0,-45,10,0.045613371
5,-45,10,0.045609886
10,-45,10,0.045598738
15,-45,10,0.045577767
-25,-40,10,0.045632974
-20,-40,10,0.045628032
-15,-40,10,0.045626986
-10,-40,10,0.045627759
-5,-40,10,0.045628252
0,-40,10,0.045626757
5,-40,10,0.045621709
10,-40,10,0.045611557
15,-40,10,0.045595108
20,-40,10,0.045571948
25,-40,10,0.045542111
-30,-35,10,0.045662433
-25,-35,10,0.045654789
-20,-35,10,0.04564946
-15,-35,10,0.045646388
-10,-35,10,0.04564461
-5,-35,10,0.045642853
0,-35,10,0.045639872
5,-35,10,0.045634517
10,-35,10,0.045625762
15,-35,10,0.045612829
20,-35,10,0.045595249
25,-35,10,0.045572604
30,-35,10,0.045543969
-35,-30,10,0.045680233
-30,-30,10,0.045673868
-25,-30,10,0.045668123
-20,-30,10,0.045663582
-15,-30,10,0.04566029
-10,-30,10,0.045657761
-5,-30,10,0.045655232
0,-30,10,0.045651873
5,-30,10,0.045646891
10,-30,10,0.0456396
15,-30,10,0.045629463
20,-30,10,0.04561608
25,-30,10,0.045599047
30,-30,10,0.045577751
35,-30,10,0.045551401
-40,-25,10,0.045683779
-35,-25,10,0.045682671
-30,-25,10,0.045679472
-25,-25,10,0.0456759
-20,-25,10,0.045672715
-15,-25,10,0.045670082
-10,-25,10,0.045667773
-5,-25,10,0.045665339
0,-25,10,0.045662254
5,-25,10,0.045658002
10,-25,10,0.045652132
15,-25,10,0.045644284
20,-25,10,0.045634166
25,-25,10,0.045621469
30,-25,10,0.045605738
35,-25,10,0.045586224
40,-25,10,0.045561636
-40,-20,10,0.045678852
-35,-20,10,0.045681917
-30,-20,10,0.045681551
-25,-20,10,0.045680059
-20,-20,10,0.045678365
-15,-20,10,0.045676735
-10,-20,10,0.045675095
-5,-20,10,0.045673196
0,-20,10,0.045670724
5,-20,10,0.045667362
10,-20,10,0.045662834
15,-20,10,0.045656916
20,-20,10,0.045649421
25,-20,10,0.045640127
30,-20,10,0.045628644
35,-20,10,0.04561414
40,-20,10,0.045594738
-45,-15,10,0.045663441
-40,-15,10,0.045675514
-35,-15,10,0.045680228
-30,-15,10,0.045681691
-25,-15,10,0.045681837
-20,-15,10,0.045681476
-15,-15,10,0.045680875
-10,-15,10,0.045680035
-5,-15,10,0.045678835
0,-15,10,0.045677104
5,-15,10,0.045674671
10,-15,10,0.04567139
15,-15,10,0.04566715
20,-15,10,0.045661856
25,-15,10,0.045655374
30,-15,10,0.045647402
35,-15,10,0.045637214
40,-15,10,0.045623153
45,-15,10,0.045601814
-45,-10,10,0.045665185
-40,-10,10,0.045673755
-35,-10,10,0.045678271
-30,-10,10,0.045680628
-25,-10,10,0.0456819
-20,-10,10,0.045682584
-15,-10,10,0.045682866
-10,-10,10,0.045682773
-5,-10,10,0.045682262
0,-10,10,0.045681265
5,-10,10,0.04567972
10,-10,10,0.045677582
15,-10,10,0.045674837
20,-10,10,0.045671476
25,-10,10,0.045667464
30,-10,10,0.045662641
35,-10,10,0.04565656
40,-10,10,0.045648225
45,-10,10,0.045635958
-45,-5,10,0.045665866
-40,-5,10,0.045671507
-35,-5,10,0.045675585
-30,-5,10,0.045678456
-25,-5,10,0.045680501
-20,-5,10,0.045681942
-15,-5,10,0.045682886
-10,-5,10,0.04568338
-5,-5,10,0.045683442
0,-5,10,0.045683085
5,-5,10,0.045682332
10,-5,10,0.045681224
15,-5,10,0.045679826
20,-5,10,0.045678215
25,-5,10,0.045676457
30,-5,10,0.045674552
35,-5,10,0.045672337
40,-5,10,0.0456694
45,-5,10,0.045665227
-45,0,10,0.045660752
-40,0,10,0.045666783
-35,0,10,0.045671458
-30,0,10,0.045675013
-25,0,10,0.045677683
-20,0,10,0.045679637
-15,0,10,0.045680994
-10,0,10,0.045681852
-5,0,10,0.045682299
0,0,10,0.045682424
5,0,10,0.045682325
10,0,10,0.045682115
15,0,10,0.045681927
20,0,10,0.045681914
25,0,10,0.04568223
30,0,10,0.045682999
35,0,10,0.045684238
40,0,10,0.045685757
45,0,10,0.045687132
-45,5,10,0.045649116
-40,5,10,0.045658972
-35,5,10,0.045665599
-30,5,10,0.045670219
-25,5,10,0.04567346
-20,5,10,0.045675692
-15,5,10,0.045677177
-10,5,10,0.045678122
-5,5,10,0.045678711
0,5,10,0.045679111
5,5,10,0.045679489
10,5,10,0.04568002
15,5,10,0.045680896
20,5,10,0.045682325
25,5,10,0.045684525
30,5,10,0.04568769
35,5,10,0.045691898
40,5,10,0.045696908
45,5,10,0.045701735
-45,10,10,0.045633457
-40,10,10,0.04564887
-35,10,10,0.045658315
-30,10,10,0.045664235
-25,10,10,0.045667915
-20,10,10,0.045670124
-15,10,10,0.045671382
-10,10,10,0.045672075
-5,10,10,0.045672504
0,10,10,0.045672923
5,10,10,0.045673564
10,10,10,0.045674654
15,10,10,0.045676425
20,10,10,0.045679122
25,10,10,0.045682993
30,10,10,0.045688251
35,10,10,0.045694977
40,10,10,0.045702857
45,10,10,0.045710572
-45,15,10,0.045616855
-40,15,10,0.045637855
-35,15,10,0.045650309
-30,15,10,0.04565743
-25,15,10,0.045661206
-20,15,10,0.045662941
-15,15,10,0.045663513
-10,15,10,0.045663532
-5,15,10,0.04566344
0,15,10,0.045663577
5,15,10,0.045664231
10,15,10,0.045665665
15,15,10,0.045668139
20,15,10,0.045671907
25,15,10,0.045677208
30,15,10,0.045684226
35,15,10,0.045693005
40,15,10,0.045703289
45,15,10,0.045714202
-40,20,10,0.04562712
-35,20,10,0.045642423
-30,20,10,0.045650276
-25,20,10,0.045653508
-20,20,10,0.045654104
-15,20,10,0.045653386
-10,20,10,0.045652221
-5,20,10,0.045651187
0,20,10,0.045650699
5,20,10,0.045651081
10,20,10,0.045652618
15,20,10,0.045655574
20,20,10,0.04566019
25,20,10,0.045666658
30,20,10,0.045675058
35,20,10,0.045685293
40,20,10,0.045697116
-40,25,10,0.045617779
-35,25,10,0.045635612
-30,25,10,0.045643261
-25,25,10,0.0456449
-20,25,10,0.045643426
-15,25,10,0.045640662
-10,25,10,0.045637719
-5,25,10,0.045635279
0,25,10,0.04563379
5,25,10,0.045633588
10,25,10,0.045634956
15,25,10,0.045638146
20,25,10,0.045643365
25,25,10,0.045650725
30,25,10,0.045660129
35,25,10,0.045671126
40,25,10,0.045682989
-35,30,10,0.045631182
-30,30,10,0.045636781
-25,30,10,0.045635199
-20,30,10,0.045630423
-15,30,10,0.045624732
-10,30,10,0.045619379
-5,30,10,0.045615058
0,30,10,0.045612187
5,30,10,0.045611068
10,30,10,0.045611961
15,30,10,0.045615094
20,30,10,0.045620637
25,30,10,0.045628629
30,30,10,0.045638792
35,30,10,0.045650164
-30,35,10,0.045630877
-25,35,10,0.045623668
-20,35,10,0.045614093
-15,35,10,0.045604559
-10,35,10,0.04559622
-5,35,10,0.045589609
0,35,10,0.045585005
5,35,10,0.045582624
10,35,10,0.045582691
15,35,10,0.045585411
20,35,10,0.045590929
25,35,10,0.04559928
30,35,10,0.045610222
-25,40,10,0.045608542
-20,40,10,0.045592607
-15,40,10,0.045578498
-10,40,10,0.045566827
-5,40,10,0.045557703
0,40,10,0.045551099
5,40,10,0.045547095
10,40,10,0.045545909
15,40,10,0.045547766
20,40,10,0.045552779
25,40,10,0.045561067
-15,45,10,0.045544106
-10,45,10,0.045529276
-5,45,10,0.045517791
0,45,10,0.045509073
5,45,10,0.045503027
10,45,10,0.045500027
15,45,10,0.045500463
-15,-45,15,0.045608169
-10,-45,15,0.045616321
-5,-45,15,0.045621581
0,-45,15,0.045623459
5,-45,15,0.045620722
10,-45,15,0.045610612
15,-45,15,0.045590145
-25,-40,15,0.045638311
-20,-40,15,0.045637482
-15,-40,15,0.045638073
-10,-40,15,0.045639268
-5,-40,15,0.045639809
0,-40,15,0.045638631
5,-40,15,0.0456345
10,-40,15,0.045625858
15,-40,15,0.045611283
20,-40,15,0.045590041
25,-40,15,0.045561469
-30,-35,15,0.045669424
-25,-35,15,0.045665704
-20,-35,15,0.045661568
-15,-35,15,0.045658638
-10,-35,15,0.045656685
-5,-35,15,0.045654856
0,-35,15,0.04565221
5,-35,15,0.045647782
10,-35,15,0.045640606
15,-35,15,0.045629877
20,-35,15,0.045615016
25,-35,15,0.045595179
30,-35,15,0.045567954
-35,-30,15,0.045688406
-30,-30,15,0.045686179
-25,-30,15,0.045681368
-20,-30,15,0.045676609
-15,-30,15,0.045672814
-10,-30,15,0.045669873
-5,-30,15,0.045667222
0,-30,15,0.045664173
5,-30,15,0.04566004
10,-30,15,0.0456542
15,-30,15,0.045646152
20,-30,15,0.045635482
25,-30,15,0.04562158
30,-30,15,0.045603062
35,-30,15,0.045577018
-40,-25,15,0.045695018
-35,-25,15,0.045697259
-30,-25,15,0.045694335
-25,-25,15,0.045690027
-20,-25,15,0.045685927
-15,-25,15,0.045682525
-10,-25,15,0.045679726
-5,-25,15,0.045677153
0,-25,15,0.04567434
5,-25,15,0.045670826
10,-25,15,0.045666215
15,-25,15,0.045660199
20,-25,15,0.045652523
25,-25,15,0.045642839
30,-25,15,0.045630407
35,-25,15,0.045613579
40,-25,15,0.045588671
-40,-20,15,0.045697276
-35,-20,15,0.045699457
-30,-20,15,0.045697413
-25,-20,15,0.045694358
-20,-20,15,0.045691441
-15,-20,15,0.045688956
-10,-20,15,0.04568682
-5,-20,15,0.045684782
0,-20,15,0.045682541
5,-20,15,0.045679808
10,-20,15,0.045676348
15,-20,15,0.045671996
20,-20,15,0.045666627
25,-20,15,0.045660078
30,-20,15,0.045651945
35,-20,15,0.045641104
40,-20,15,0.045624492
-45,-15,15,0.045684189
-40,-15,15,0.045696216
-35,-15,15,0.04569852
-30,-15,15,0.0456976
-25,-15,15,0.045695908
-20,-15,15,0.045694252
-15,-15,15,0.045692806
-10,-15,15,0.0456915
-5,-15,15,0.045690171
0,-15,15,0.045688637
5,-15,15,0.045686741
10,-15,15,0.045684369
15,-15,15,0.045681464
20,-15,15,0.04567801
25,-15,15,0.045673977
30,-15,15,0.045669163
35,-15,15,0.045662798
40,-15,15,0.045652505
45,-15,15,0.045631904
-45,-10,15,0.045686266
-40,-10,15,0.045694205
-35,-10,15,0.045696108
-30,-10,15,0.045696044
-25,-10,15,0.045695513
-20,-10,15,0.045694966
-15,-10,15,0.045694467
-10,-10,15,0.045693954
-5,-10,15,0.045693332
0,-10,15,0.045692511
5,-10,15,0.045691433
10,-10,15,0.045690081
15,-10,15,0.045688491
20,-10,15,0.045686739
25,-10,15,0.045684909
30,-10,15,0.045682985
35,-10,15,0.045680565
40,-10,15,0.045676136
45,-10,15,0.045665494
-45,-5,15,0.045685869
-40,-5,15,0.045690845
-35,-5,15,0.045692502
-30,-5,15,0.045693153
-25,-5,15,0.045693556
-20,-5,15,0.045693885
-15,-5,15,0.045694136
-10,-5,15,0.045694264
-5,-5,15,0.045694237
0,-5,15,0.045694043
5,-5,15,0.045693707
10,-5,15,0.045693295
15,-5,15,0.04569292
20,-5,15,0.045692745
25,-5,15,0.045692964
30,-5,15,0.045693737
35,-5,15,0.045695011
40,-5,15,0.045696029
45,-5,15,0.045694235
-45,0,15,0.045679697
-40,0,15,0.045684981
-35,0,15,0.045687439
-30,0,15,0.04568899
-25,0,15,0.045690189
-20,0,15,0.045691152
-15,0,15,0.045691897
-10,0,15,0.045692439
-5,0,15,0.045692817
0,0,15,0.045693098
5,0,15,0.04569338
10,0,15,0.045693801
15,0,15,0.045694543
20,0,15,0.045695845
25,0,15,0.045697992
30,0,15,0.045701288
35,0,15,0.045705915
40,0,15,0.045711514
45,0,15,0.045716114
-45,5,15,0.045666908
-40,5,15,0.045676183
-35,5,15,0.045680823
-30,5,15,0.045683624
-25,5,15,0.045685523
-20,5,15,0.045686851
-15,5,15,0.045687778
-10,5,15,0.045688438
-5,5,15,0.045688967
0,5,15,0.045689512
5,5,15,0.045690242
10,5,15,0.045691355
15,5,15,0.045693094
20,5,15,0.045695754
25,5,15,0.045699683
30,5,15,0.045705258
35,5,15,0.045712739
40,5,15,0.045721786
45,5,15,0.045730108
-45,10,15,0.045649326
-40,10,15,0.045665167
-35,10,15,0.045673051
-30,10,15,0.045677323
-25,10,15,0.045679729
-20,10,15,0.045681062
-15,10,15,0.045681775
-10,10,15,0.045682182
-5,10,15,0.045682539
0,10,15,0.04568308
5,10,15,0.04568404
10,10,15,0.045685668
15,10,15,0.04568825
20,10,15,0.045692114
25,10,15,0.045697629
30,10,15,0.045705161
35,10,15,0.045714894
40,10,15,0.045726248
45,10,15,0.045736254
-45,15,15,0.045629686
-40,15,15,0.045653312
-35,15,15,0.045664919
-30,15,15,0.045670556
-25,15,15,0.045673053
-20,15,15,0.04567387
-15,15,15,0.045673849
-10,15,15,0.045673538
-5,15,15,0.04567333
0,15,15,0.045673542
5,15,15,0.045674465
10,15,15,0.045676389
15,15,15,0.045679621
20,15,15,0.045684495
25,15,15,0.045691347
30,15,15,0.04570044
35,15,15,0.045711725
40,15,15,0.045724182
45,15,15,0.045734158
-40,20,15,0.045641904
-35,20,15,0.045657318
-30,20,15,0.045663844
-25,20,15,0.045665729
-20,20,15,0.045665299
-15,20,15,0.045663885
-10,20,15,0.045662293
-5,20,15,0.045661054
0,20,15,0.045660557
5,20,15,0.045661131
10,20,15,0.045663085
15,20,15,0.045666729
20,20,15,0.045672366
25,20,15,0.045680247
30,20,15,0.045690419
35,20,15,0.045702379
40,20,15,0.045714312
-40,25,15,0.045631725
-35,25,15,0.045650933
-30,25,15,0.045657539
-25,25,15,0.045657814
-20,25,15,0.045655207
-15,25,15,0.045651611
-10,25,15,0.045648097
-5,25,15,0.045645307
0,25,15,0.045643674
5,25,15,0.045643537
10,25,15,0.045645202
15,25,15,0.045648955
20,25,15,0.045655033
25,25,15,0.045663537
30,25,15,0.045674178
35,25,15,0.045685693
40,25,15,0.045694758
-35,30,15,0.045645957
-30,30,15,0.045651497
-25,30,15,0.045648936
-20,30,15,0.045643103
-15,30,15,0.045636487
-10,30,15,0.045630385
-5,30,15,0.045625505
0,30,15,0.045622277
5,30,15,0.045621018
10,30,15,0.045622002
15,30,15,0.045625458
20,30,15,0.045631511
25,30,15,0.045640046
30,30,15,0.045650324
35,30,15,0.045660032
-30,35,15,0.045644568
-25,35,15,0.045637921
-20,35,15,0.045627895
-15,35,15,0.045617517
-10,35,15,0.045608252
-5,35,15,0.0456008
0,35,15,0.045595519
5,35,15,0.045592661
10,35,15,0.045592453
15,35,15,0.045595035
20,35,15,0.045600335
25,35,15,0.045607911
30,35,15,0.045616515
-25,40,15,0.045622225
-20,40,15,0.045607497
-15,40,15,0.04559299
-10,40,15,0.045580279
-5,40,15,0.04556996
0,40,15,0.045562209
5,40,15,0.045557171
10,40,15,0.04555505
15,40,15,0.04555589
20,40,15,0.045559268
25,40,15,0.045564138
-15,45,15,0.045560064
-10,45,15,0.045544264
-5,45,15,0.045531219
0,45,15,0.045520693
5,45,15,0.045512672
10,45,15,0.045507502
15,45,15,0.045505264
-5,-45,20,0.04563866
0,-45,20,0.045639834
5,-45,20,0.045638655
-20,-40,20,0.045659144
-15,-40,20,0.045657425
-10,-40,20,0.045656705
-5,-40,20,0.045656024
0,-40,20,0.0456548
5,-40,20,0.045652128
10,-40,20,0.045646474
15,-40,20,0.045636382
20,-40,20,0.045621422
-25,-35,20,0.045687593
-20,-35,20,0.045680839
-15,-35,20,0.04567597
-10,-35,20,0.045672694
-5,-35,20,0.045670238
0,-35,20,0.045667853
5,-35,20,0.045664749
10,-35,20,0.045660073
15,-35,20,0.045653158
20,-35,20,0.045643733
25,-35,20,0.045631426
-30,-30,20,0.045708699
-25,-30,20,0.045700923
-20,-30,20,0.045694008
-15,-30,20,0.045688745
-10,-30,20,0.045684924
-5,-30,20,0.045681985
0,-30,20,0.045679319
5,-30,20,0.045676341
10,-30,20,0.045672539
15,-30,20,0.045667563
20,-30,20,0.045661244
25,-30,20,0.045653328
30,-30,20,0.045642796
-35,-25,20,0.045722395
-30,-25,20,0.045714997
-25,-25,20,0.045707897
-20,-25,20,0.045702024
-15,-25,20,0.045697527
-10,-25,20,0.045694153
-5,-25,20,0.045691485
0,-25,20,0.045689082
5,-25,20,0.045686544
10,-25,20,0.045683562
15,-25,20,0.045679955
20,-25,20,0.045675668
25,-25,20,0.045670663
30,-25,20,0.045664689
35,-25,20,0.045656846
-40,-20,20,0.045729279
-35,-20,20,0.045723291
-30,-20,20,0.045716685
-25,-20,20,0.04571106
-20,-20,20,0.04570666
-15,-20,20,0.045703341
-10,-20,20,0.045700828
-5,-20,20,0.045698801
0,-20,20,0.045696953
5,-20,20,0.045695029
10,-20,20,0.04569286
15,-20,20,0.045690382
20,-20,20,0.045687639
25,-20,20,0.045684748
30,-20,20,0.045681814
35,-20,20,0.045678634
40,-20,20,0.04567359
-40,-15,20,0.045725861
-35,-15,20,0.045720716
-30,-15,20,0.045715679
-25,-15,20,0.045711735
-20,-15,20,0.045708843
-15,-15,20,0.045706753
-10,-15,20,0.045705199
-5,-15,20,0.045703936
0,-15,20,0.045702761
5,-15,20,0.045701534
10,-15,20,0.045700187
15,-15,20,0.045698748
20,-15,20,0.045697341
25,-15,20,0.045696182
30,-15,20,0.045695526
35,-15,20,0.045695428
40,-15,20,0.045694794
-40,-10,20,0.04572092
-35,-10,20,0.045716587
-30,-10,20,0.045713043
-25,-10,20,0.045710617
-20,-10,20,0.045709055
-15,-10,20,0.04570806
-10,-10,20,0.045707388
-5,-10,20,0.045706861
0,-10,20,0.045706364
5,-10,20,0.045705844
10,-10,20,0.04570532
15,-10,20,0.045704894
20,-10,20,0.045704764
25,-10,20,0.045705227
30,-10,20,0.045706653
35,-10,20,0.045709332
40,-10,20,0.045712801
-45,-5,20,0.045719263
-40,-5,20,0.045715261
-35,-5,20,0.045711558
-30,-5,20,0.045709244
-25,-5,20,0.045708049
-20,-5,20,0.045707546
-15,-5,20,0.045707412
-10,-5,20,0.045707443
-5,-5,20,0.045707528
0,-5,20,0.045707628
5,-5,20,0.045707768
10,-5,20,0.045708041
15,-5,20,0.045708618
20,-5,20,0.045709769
25,-5,20,0.045711878
30,-5,20,0.045715458
35,-5,20,0.045721088
40,-5,20,0.045729023
45,-5,20,0.045737709
-45,0,20,0.045711983
-40,0,20,0.045708256
-35,0,20,0.045705609
-30,0,20,0.045704434
-25,0,20,0.045704207
-20,0,20,0.045704452
-15,0,20,0.045704885
-10,0,20,0.045705369
-5,0,20,0.045705867
0,0,20,0.045706417
5,0,20,0.045707115
10,0,20,0.045708122
15,0,20,0.045709673
20,0,20,0.045712108
25,0,20,0.0457159
30,0,20,0.045721702
35,0,20,0.045730362
40,0,20,0.045742691
45,0,20,0.045758251
-45,5,20,0.045699879
-40,5,20,0.04569939
-35,5,20,0.045698715
-30,5,20,0.045698758
-25,5,20,0.04569925
-20,5,20,0.045699889
-15,5,20,0.045700529
-10,5,20,0.045701143
-5,5,20,0.045701788
0,5,20,0.045702578
5,5,20,0.045703678
10,5,20,0.04570531
15,5,20,0.045707768
20,5,20,0.045711451
25,5,20,0.0457169
30,5,20,0.045724858
35,5,20,0.045736312
40,5,20,0.045752265
45,5,20,0.045772447
-40,10,20,0.045689136
-35,10,20,0.045691311
-30,10,20,0.045692575
-25,10,20,0.045693432
-20,10,20,0.045694
-15,10,20,0.045694385
-10,10,20,0.04569472
-5,10,20,0.04569517
0,10,20,0.045695927
5,10,20,0.045697218
10,10,20,0.045699319
15,10,20,0.045702571
20,10,20,0.045707414
25,10,20,0.045714416
30,10,20,0.045724325
35,10,20,0.04573806
40,10,20,0.045756383
-40,15,20,0.045678988
-35,15,20,0.04568437
-30,15,20,0.045686501
-25,15,20,0.045687109
-20,15,20,0.045686954
-15,15,20,0.045686484
-10,15,20,0.045686025
-5,15,20,0.045685855
0,15,20,0.045686237
5,15,20,0.045687453
10,15,20,0.045689817
15,15,20,0.045693705
20,15,20,0.04569957
25,15,20,0.045707962
30,15,20,0.045719529
35,15,20,0.045734895
40,15,20,0.045754096
-40,20,20,0.045670833
-35,20,20,0.045679106
-30,20,20,0.045681249
-25,20,20,0.045680649
-20,20,20,0.045678888
-15,20,20,0.045676807
-10,20,20,0.045674928
-5,20,20,0.045673627
0,20,20,0.045673227
5,20,20,0.045674043
10,20,20,0.045676414
15,20,20,0.045680725
20,20,20,0.045687418
25,20,20,0.045696981
30,20,20,0.045709861
35,20,20,0.045726134
40,20,20,0.045744535
-35,25,20,0.045676378
-30,25,20,0.045677275
-25,25,20,0.045674231
-20,25,20,0.045669797
-15,25,20,0.045665223
-10,25,20,0.045661204
-5,25,20,0.045658191
0,25,20,0.045656537
5,25,20,0.045656569
10,25,20,0.045658626
15,25,20,0.045663075
20,25,20,0.045670309
25,25,20,0.045680703
30,25,20,0.04569441
35,25,20,0.045710699
-30,30,20,0.045674252
-25,30,20,0.045667548
-20,30,20,0.04565937
-15,30,20,0.045651393
-10,30,20,0.04564448
-5,30,20,0.04563913
0,30,20,0.045635697
5,30,20,0.045634488
10,30,20,0.04563582
15,30,20,0.045640001
20,30,20,0.045647304
25,30,20,0.04565789
30,30,20,0.045671495
-25,35,20,0.045659437
-20,35,20,0.045646773
-15,35,20,0.045634633
-10,35,20,0.045624133
-5,35,20,0.045615837
0,35,20,0.045610055
5,35,20,0.045607051
10,35,20,0.045607099
15,35,20,0.045610404
20,35,20,0.045616962
25,35,20,0.045626459
-20,40,20,0.045630303
-15,40,20,0.045613636
-10,40,20,0.045599096
-5,40,20,0.045587372
0,40,20,0.045578658
5,40,20,0.045573126
10,40,20,0.045571054
15,40,20,0.045572525
20,40,20,0.045576972
-5,45,20,0.045552207
0,45,20,0.045540017
5,45,20,0.045530858
-15,-40,25,0.04568387
-10,-40,25,0.045678782
-5,-40,25,0.045675577
0,-40,25,0.045673957
5,-40,25,0.045673309
10,-40,25,0.045672147
15,-40,25,0.045669181
-25,-35,25,0.045719324
-20,-35,25,0.045705957
-15,-35,25,0.04569713
-10,-35,25,0.045691472
-5,-35,25,0.045687881
0,-35,25,0.045685675
5,-35,25,0.045684225
10,-35,25,0.045682817
15,-35,25,0.045681059
20,-35,25,0.045679418
25,-35,25,0.045679078
-30,-30,25,0.045739723
-25,-30,25,0.045725221
-20,-30,25,0.045714502
-15,-30,25,0.045707031
-10,-30,25,0.045702006
-5,-30,25,0.045698676
0,-30,25,0.045696448
5,-30,25,0.045694834
10,-30,25,0.045693457
15,-30,25,0.045692197
20,-30,25,0.045691352
25,-30,25,0.045691576
30,-30,25,0.045693571
-35,-25,25,0.045755342
-30,-25,25,0.045739302
-25,-25,25,0.045727999
-20,-25,25,0.045719937
-15,-25,25,0.045714277
-10,-25,25,0.045710385
-5,-25,25,0.045707725
0,-25,25,0.045705853
5,-25,25,0.045704429
10,-25,25,0.045703249
15,-25,25,0.045702305
20,-25,25,0.045701844
25,-25,25,0.045702409
30,-25,25,0.045704975
35,-25,25,0.045711409
-35,-20,25,0.045750176
-30,-20,25,0.045737275
-25,-20,25,0.045728859
-20,-20,25,0.045723168
-15,-20,25,0.045719285
-10,-20,25,0.045716644
-5,-20,25,0.045714827
0,-20,25,0.045713516
5,-20,25,0.045712492
10,-20,25,0.04571166
15,-20,25,0.045711081
20,-20,25,0.045711012
25,-20,25,0.045711973
30,-20,25,0.045714964
35,-20,25,0.045721937
-40,-15,25,0.045759619
-35,-15,25,0.04574364
-30,-15,25,0.04573406
-25,-15,25,0.045728223
-20,-15,25,0.045724571
-15,-15,25,0.045722261
-10,-15,25,0.045720793
-5,-15,25,0.045719833
0,-15,25,0.045719162
5,-15,25,0.045718658
10,-15,25,0.045718307
15,-15,25,0.045718223
20,-15,25,0.045718685
25,-15,25,0.0457202
30,-15,25,0.045723661
35,-15,25,0.045730687
40,-15,25,0.045743849
-40,-10,25,0.045748978
-35,-10,25,0.045736734
-30,-10,25,0.045729971
-25,-10,25,0.045726281
-20,-10,25,0.045724303
-15,-10,25,0.045723294
-10,-10,25,0.045722822
-5,-10,25,0.045722634
0,-10,25,0.045722594
5,-10,25,0.045722662
10,-10,25,0.045722889
15,-10,25,0.045723436
20,-10,25,0.045724616
25,-10,25,0.045726941
30,-10,25,0.045731239
35,-10,25,0.045738923
40,-10,25,0.045752271
-40,-5,25,0.045739844
-35,-5,25,0.045729913
-30,-5,25,0.045725195
-25,-5,25,0.045723143
-20,-5,25,0.045722442
-15,-5,25,0.04572242
-10,-5,25,0.045722716
-5,-5,25,0.045723147
0,-5,25,0.045723661
5,-5,25,0.045724289
10,-5,25,0.045725141
15,-5,25,0.04572643
20,-5,25,0.045728514
25,-5,25,0.045731952
30,-5,25,0.045737618
35,-5,25,0.045747009
40,-5,25,0.045762736
-40,0,25,0.045731612
-35,0,25,0.045723112
-30,0,25,0.045719811
-25,0,25,0.045718903
-20,0,25,0.045719062
-15,0,25,0.045719675
-10,0,25,0.045720456
-5,0,25,0.0457213
0,0,25,0.045722229
5,0,25,0.045723342
10,0,25,0.04572481
15,0,25,0.045726901
20,0,25,0.045730033
25,0,25,0.045734842
30,0,25,0.045742326
35,0,25,0.045754247
40,0,25,0.045773851
-40,5,25,0.045723371
-35,5,25,0.045716231
-30,5,25,0.045713959
-25,5,25,0.045713726
-20,5,25,0.04571428
-15,5,25,0.045715112
-10,5,25,0.045716031
-5,5,25,0.045717016
0,5,25,0.045718158
5,5,25,0.045719621
10,5,25,0.045721636
15,5,25,0.04572453
20,5,25,0.045728787
25,5,25,0.045735116
30,5,25,0.045744642
35,5,25,0.045759368
40,5,25,0.045783043
-40,10,25,0.045715251
-35,10,25,0.045709713
-30,10,25,0.045708071
-25,10,25,0.045707931
-20,10,25,0.045708291
-15,10,25,0.045708813
-10,10,25,0.045709429
-5,10,25,0.045710202
0,10,25,0.045711287
5,10,25,0.045712904
10,10,25,0.045715341
15,10,25,0.045718987
20,10,25,0.045724376
25,10,25,0.045732276
30,10,25,0.045743868
35,10,25,0.04576123
40,10,25,0.045788154
-40,15,25,0.04570913
-35,15,25,0.045704847
-30,15,25,0.045702971
-25,15,25,0.045702007
-20,15,25,0.045701356
-15,15,25,0.04570088
-10,15,25,0.045700631
-5,15,25,0.045700745
0,15,25,0.045701427
5,15,25,0.045702943
10,15,25,0.045705631
15,15,25,0.045709928
20,15,25,0.045716414
25,15,25,0.045725887
30,15,25,0.045739528
35,15,25,0.045759282
40,15,25,0.045788409
-35,20,25,0.045703575
-30,20,25,0.045699744
-25,20,25,0.045696538
-20,20,25,0.04569376
-15,20,25,0.04569141
-10,20,25,0.0456896
-5,20,25,0.045688506
0,20,25,0.045688362
5,20,25,0.045689464
10,20,25,0.045692183
15,20,25,0.04569699
20,20,25,0.045704505
25,20,25,0.045715558
30,20,25,0.04573133
35,20,25,0.045753523
-35,25,25,0.045707683
-30,25,25,0.045699321
-25,25,25,0.045692
-20,25,25,0.045685727
-15,25,25,0.045680461
-10,25,25,0.045676272
-5,25,25,0.045673325
0,25,25,0.045671854
5,25,25,0.045672165
10,25,25,0.045674642
15,25,25,0.045679771
20,25,25,0.045688191
25,25,25,0.045700794
30,25,25,0.045718835
35,25,25,0.045743834
-30,30,25,0.045701868
-25,30,25,0.045688537
-20,30,25,0.045677348
-15,30,25,0.045668035
-10,30,25,0.045660556
-5,30,25,0.045655025
0,30,25,0.045651649
5,30,25,0.045650717
10,30,25,0.045652612
15,30,25,0.045657801
20,30,25,0.04566689
25,30,25,0.045680788
30,30,25,0.045700887
-25,35,25,0.045685762
-20,35,25,0.045668537
-15,35,25,0.045654068
-10,35,25,0.04564233
-5,35,25,0.045633417
0,35,25,0.045627469
5,35,25,0.045624736
10,35,25,0.045625601
15,35,25,0.045630488
20,35,25,0.04563981
25,35,25,0.045654195
-15,40,25,0.045638321
-10,40,25,0.045621348
-5,40,25,0.045608244
0,40,25,0.045598969
5,40,25,0.045593674
10,40,25,0.04559284
15,40,25,0.045596901
0,-40,30,0.045692693
-15,-35,30,0.045718428
-10,-35,30,0.045710361
-5,-35,30,0.045705621
0,-35,30,0.045703644
5,-35,30,0.04570398
10,-35,30,0.045706027
15,-35,30,0.045709596
-25,-30,30,0.045748535
-20,-30,30,0.045734721
-15,-30,30,0.045725505
-10,-30,30,0.045719566
-5,-30,30,0.045716031
0,-30,30,0.045714355
5,-30,30,0.045714154
10,-30,30,0.04571517
15,-30,30,0.045717475
20,-30,30,0.045721749
25,-30,30,0.045729465
-30,-25,30,0.045760498
-25,-25,30,0.045746783
-20,-25,30,0.045737641
-15,-25,30,0.045731498
-10,-25,30,0.045727531
-5,-25,30,0.045725158
0,-25,30,0.045723958
5,-25,30,0.04572365
10,-25,30,0.045724132
15,-25,30,0.045725544
20,-25,30,0.045728355
25,-25,30,0.045733485
30,-25,30,0.045742892
-30,-20,30,0.045754748
-25,-20,30,0.045745531
-20,-20,30,0.045739737
-15,-20,30,0.04573604
-10,-20,30,0.045733772
-5,-20,30,0.045732479
0,-20,30,0.045731849
5,-20,30,0.045731702
10,-20,30,0.045732013
15,-20,30,0.045732951
20,-20,30,0.045734919
25,-20,30,0.045738641
30,-20,30,0.045745625
-35,-15,30,0.045760646
-30,-15,30,0.045749767
-25,-15,30,0.04574395
-20,-15,30,0.045740685
-15,-15,30,0.045738907
-10,-15,30,0.045738028
-5,-15,30,0.045737678
0,-15,30,0.045737644
5,-15,30,0.045737832
10,-15,30,0.045738266
15,-15,30,0.045739122
20,-15,30,0.045740784
25,-15,30,0.045743879
30,-15,30,0.045749534
35,-15,30,0.045760351
-35,-10,30,0.045751538
-30,-10,30,0.045744715
-25,-10,30,0.045741546
-20,-10,30,0.045740233
-15,-10,30,0.045739935
-10,-10,30,0.045740145
-5,-10,30,0.045740574
0,-10,30,0.045741107
5,-10,30,0.045741732
10,-10,30,0.045742504
15,-10,30,0.045743607
20,-10,30,0.045745414
25,-10,30,0.045748518
30,-10,30,0.045753811
35,-10,30,0.045763123
-35,-5,30,0.045743386
-30,-5,30,0.045739327
-25,-5,30,0.045738106
-20,-5,30,0.045738241
-15,-5,30,0.045739028
-10,-5,30,0.045740039
-5,-5,30,0.04574107
0,-5,30,0.045742098
5,-5,30,0.045743184
10,-5,30,0.045744423
15,-5,30,0.045746012
20,-5,30,0.045748343
25,-5,30,0.045752026
30,-5,30,0.045757931
35,-5,30,0.045767711
-40,0,30,0.045745103
-35,0,30,0.045735956
-30,0,30,0.045733539
-25,0,30,0.045733601
-20,0,30,0.045734686
-15,0,30,0.045736161
-10,0,30,0.045737677
-5,0,30,0.045739109
0,0,30,0.045740512
5,0,30,0.045742011
10,0,30,0.045743753
15,0,30,0.045745974
20,0,30,0.045749114
25,0,30,0.04575385
30,0,30,0.045761168
35,0,30,0.045772974
40,0,30,0.045794187
-35,5,30,0.045729016
-30,5,30,0.045727455
-25,5,30,0.045728176
-20,5,30,0.045729672
-15,5,30,0.045731387
-10,5,30,0.04573306
-5,5,30,0.045734639
0,5,30,0.045736236
5,5,30,0.045738031
10,5,30,0.045740234
15,5,30,0.045743149
20,5,30,0.045747283
25,5,30,0.045753394
30,5,30,0.045762613
35,5,30,0.045777213
-35,10,30,0.045722985
-30,10,30,0.04572155
-25,10,30,0.045722189
-20,10,30,0.045723428
-15,10,30,0.04572482
-10,10,30,0.045726205
-5,10,30,0.045727591
0,10,30,0.045729126
5,10,30,0.045731038
10,10,30,0.045733605
15,10,30,0.045737215
20,10,30,0.04574245
25,10,30,0.045750132
30,10,30,0.045761495
35,10,30,0.04577907
-35,15,30,0.045719525
-30,15,30,0.045716848
-25,15,30,0.045716247
-20,15,30,0.045716297
-15,15,30,0.045716625
-10,15,30,0.045717136
-5,15,30,0.045717877
0,15,30,0.045719013
5,15,30,0.045720808
10,15,30,0.045723605
15,15,30,0.045727877
20,15,30,0.045734281
25,15,30,0.045743705
30,15,30,0.045757483
35,15,30,0.045778313
-30,20,30,0.04571485
-25,20,30,0.04571113
-20,20,30,0.045708689
-15,20,30,0.04570699
-10,20,30,0.045705886
-5,20,30,0.045705409
0,20,30,0.045705725
5,20,30,0.045707117
10,20,30,0.045709984
15,20,30,0.045714867
20,20,30,0.045722505
25,20,30,0.045733923
30,20,30,0.045750718
-30,25,30,0.045717162
-25,25,30,0.045707652
-20,25,30,0.045701042
-15,25,30,0.045696139
-10,25,30,0.045692523
-5,25,30,0.045690135
0,25,30,0.045689121
5,25,30,0.045689772
10,25,30,0.045692521
15,25,30,0.045697957
20,25,30,0.045706911
25,25,30,0.045720677
30,25,30,0.04574152
-25,30,30,0.045706601
-20,30,30,0.045693901
-15,30,30,0.045684415
-10,30,30,0.045677223
-5,30,30,0.045672106
0,30,30,0.045669157
5,30,30,0.045668665
10,30,30,0.045671087
15,30,30,0.045677038
20,30,30,0.045687425
25,30,30,0.045703919
-15,35,30,0.045672495
-10,35,30,0.045660422
-5,35,30,0.045651594
0,35,30,0.045645986
5,35,30,0.045643858
10,35,30,0.04564573
15,35,30,0.045652273
0,40,30,0.04562012
-5,-35,35,0.045721163
0,-35,35,0.045719634
5,-35,35,0.04572164
-15,-30,35,0.045741994
-10,-30,35,0.045736119
-5,-30,35,0.045732922
0,-30,35,0.045732002
5,-30,35,0.045733078
10,-30,35,0.045735981
15,-30,35,0.045740851
-25,-25,35,0.045761022
-20,-25,35,0.04575337
-15,-25,35,0.045748098
-10,-25,35,0.045744892
-5,-25,35,0.045743313
0,-25,35,0.045742971
5,-25,35,0.045743631
10,-25,35,0.045745279
15,-25,35,0.045748182
20,-25,35,0.045752835
25,-25,35,0.045759768
-25,-20,35,0.045759514
-20,-20,35,0.045755496
-15,-20,35,0.045753112
-10,-20,35,0.045751974
-5,-20,35,0.045751661
0,-20,35,0.045751871
5,-20,35,0.045752456
10,-20,35,0.045753446
15,-20,35,0.045755109
20,-20,35,0.045757933
25,-20,35,0.045762415
-30,-15,35,0.04576121
-25,-15,35,0.045758218
-20,-15,35,0.045756812
-15,-15,35,0.045756556
-10,-15,35,0.045756936
-5,-15,35,0.045757568
0,-15,35,0.045758288
5,-15,35,0.045759053
10,-15,35,0.045759882
15,-15,35,0.045760968
20,-15,35,0.045762781
25,-15,35,0.04576588
30,-15,35,0.045770622
-30,-10,35,0.045756666
-25,-10,35,0.045756171
-20,-10,35,0.045756768
-15,-10,35,0.045758073
-10,-10,35,0.045759531
-5,-10,35,0.045760849
0,-10,35,0.045762033
5,-10,35,0.045763141
10,-10,35,0.04576417
15,-10,35,0.045765213
20,-10,35,0.045766688
25,-10,35,0.045769205
30,-10,35,0.045773046
-35,-5,35,0.045750453
-30,-5,35,0.045751476
-25,-5,35,0.045752921
-20,-5,35,0.045755023
-15,-5,35,0.04575744
-10,-5,35,0.04575965
-5,-5,35,0.045761475
0,-5,35,0.045763067
5,-5,35,0.045764579
10,-5,35,0.045766001
15,-5,35,0.04576736
20,-5,35,0.045769037
25,-5,35,0.045771701
30,-5,35,0.045775708
35,-5,35,0.045780781
-35,0,35,0.045742858
-30,0,35,0.045745559
-25,0,35,0.045748347
-20,0,35,0.045751455
-15,0,35,0.045754584
-10,0,35,0.045757285
-5,0,35,0.045759472
0,0,35,0.045761393
5,0,35,0.045763267
10,0,35,0.045765118
15,0,35,0.045766984
20,0,35,0.045769266
25,0,35,0.045772703
30,0,35,0.045777811
35,0,35,0.045784628
-35,5,35,0.045735357
-30,5,35,0.04573903
-25,5,35,0.045742578
-20,5,35,0.045746147
-15,5,35,0.045749559
-10,5,35,0.045752469
-5,5,35,0.045754844
0,5,35,0.045756956
5,5,35,0.04575907
10,5,35,0.045761281
15,5,35,0.045763724
20,5,35,0.04576688
25,5,35,0.045771547
30,5,35,0.045778347
35,5,35,0.04578772
-30,10,35,0.045732359
-25,10,35,0.045735998
-20,10,35,0.045739372
-15,10,35,0.045742521
-10,10,35,0.045745243
-5,10,35,0.045747526
0,10,35,0.045749614
5,10,35,0.045751786
10,10,35,0.045754247
15,10,35,0.045757283
20,10,35,0.045761491
25,10,35,0.045767684
30,10,35,0.045776462
-30,15,35,0.045726596
-25,15,35,0.045729243
-20,15,35,0.045731526
-15,15,35,0.045733683
-10,15,35,0.045735648
-5,15,35,0.04573741
0,15,35,0.045739158
5,15,35,0.045741177
10,15,35,0.045743782
15,15,35,0.045747427
20,15,35,0.045752825
25,15,35,0.045760778
30,15,35,0.045771842
-25,20,35,0.045723111
-20,20,35,0.045723054
-15,20,35,0.045723279
-10,20,35,0.045723733
-5,20,35,0.045724389
0,20,35,0.045725386
5,20,35,0.045727012
10,20,35,0.045729676
15,20,35,0.045733967
20,20,35,0.045740686
25,20,35,0.045750698
-25,25,35,0.045718444
-20,25,35,0.045714407
-15,25,35,0.045711562
-10,25,35,0.045709594
-5,25,35,0.045708423
0,25,35,0.045708167
5,25,35,0.04570913
10,25,35,0.045711779
15,25,35,0.04571677
20,25,35,0.045724959
25,25,35,0.045737465
-15,30,35,0.045698961
-10,30,35,0.045693488
-5,30,35,0.045689639
0,30,35,0.045687538
5,30,35,0.045687516
10,30,35,0.045690086
15,30,35,0.045695904
-5,35,35,0.045668552
0,35,35,0.045663891
5,35,35,0.045662488
0,-30,40,0.045749201
-15,-25,40,0.045763786
-10,-25,40,0.045762413
-5,-25,40,0.045762401
0,-25,40,0.045763193
5,-25,40,0.045764498
10,-25,40,0.045766422
15,-25,40,0.045769556
-20,-20,40,0.045770463
-15,-20,40,0.04577055
-10,-20,40,0.045771563
-5,-20,40,0.045772873
0,-20,40,0.045774116
5,-20,40,0.045775156
10,-20,40,0.045776037
15,-20,40,0.045777208
20,-20,40,0.045779559
-25,-15,40,0.045771743
-20,-15,40,0.045773154
-15,-15,40,0.045775569
-10,-15,40,0.045778062
-5,-15,40,0.045780072
0,-15,40,0.045781625
5,-15,40,0.045782805
10,-15,40,0.045783488
15,-15,40,0.045783759
20,-15,40,0.045784407
25,-15,40,0.045786444
-25,-10,40,0.04577086
-20,-10,40,0.045774311
-15,-10,40,0.045778312
-10,-10,40,0.045781629
-5,-10,40,0.045783951
0,-10,40,0.045785748
5,-10,40,0.045787324
10,-10,40,0.045788379
15,-10,40,0.045788576
20,-10,40,0.045788452
25,-10,40,0.045789314
-25,-5,40,0.045768306
-20,-5,40,0.045773341
-15,-5,40,0.045778408
-10,-5,40,0.045782221
-5,-5,40,0.045784738
0,-5,40,0.045786779
5,-5,40,0.045788821
10,-5,40,0.045790451
15,-5,40,0.045791027
20,-5,40,0.045790865
25,-5,40,0.045791399
-30,0,40,0.045758243
-25,0,40,0.045763874
-20,0,40,0.045769968
-15,0,40,0.045775728
-10,0,40,0.045779941
-5,0,40,0.045782711
0,0,40,0.045785015
5,0,40,0.045787424
10,0,40,0.045789518
15,0,40,0.045790587
20,0,40,0.045790892
25,0,40,0.045791938
30,0,40,0.045794503
-25,5,40,0.045757695
-20,5,40,0.045764263
-15,5,40,0.045770355
-10,5,40,0.045774902
-5,5,40,0.045777992
0,5,40,0.045780533
5,5,40,0.045783099
10,5,40,0.045785388
15,5,40,0.045786877
20,5,40,0.045787977
25,5,40,0.045790206
-25,10,40,0.045750201
-20,10,40,0.045756595
-15,10,40,0.045762523
-10,10,40,0.045767167
-5,10,40,0.045770477
0,10,40,0.045773122
5,10,40,0.045775604
10,10,40,0.045777835
15,10,40,0.045779672
20,10,40,0.045781806
25,10,40,0.045785663
-25,15,40,0.045742013
-20,15,40,0.045747483
-15,15,40,0.045752547
-10,15,40,0.045756756
-5,15,40,0.045759917
0,15,40,0.045762389
5,15,40,0.045764576
10,15,40,0.045766637
15,15,40,0.045768874
20,15,40,0.045772255
25,15,40,0.045777964
-20,20,40,0.045737364
-15,20,40,0.04574071
-10,20,40,0.045743687
-5,20,40,0.045746058
0,20,40,0.045747947
5,20,40,0.045749673
10,20,40,0.045751614
15,20,40,0.045754426
20,20,40,0.045759204
-15,25,40,0.045727159
-10,25,40,0.045727975
-5,25,40,0.045728743
0,25,40,0.045729534
5,25,40,0.045730652
10,25,40,0.045732612
15,25,40,0.0457362
0,30,40,0.04570706
-5,-20,45,0.045797611
0,-20,45,0.045800166
5,-20,45,0.045801235
-15,-15,45,0.045796937
-10,-15,45,0.045802817
-5,-15,45,0.045806457
0,-15,45,0.045808769
5,-15,45,0.045810304
10,-15,45,0.045810291
15,-15,45,0.045808018
-15,-10,45,0.045802177
-10,-10,45,0.045807912
-5,-10,45,0.04581065
0,-10,45,0.045812648
5,-10,45,0.045815051
10,-10,45,0.045816498
15,-10,45,0.045814893
-20,-5,45,0.045794108
-15,-5,45,0.045803773
-10,-5,45,0.045809155
-5,-5,45,0.045811167
0,-5,45,0.045813021
5,-5,45,0.045816275
10,-5,45,0.045819181
15,-5,45,0.045818682
20,-5,45,0.045814388
-20,0,45,0.045791244
-15,0,45,0.045801487
-10,0,45,0.045806975
-5,0,45,0.04580895
0,0,45,0.045810952
5,0,45,0.045814698
10,0,45,0.045818357
15,0,45,0.045818605
20,0,45,0.045814778
-20,5,45,0.045784845
-15,5,45,0.045795474
-10,5,45,0.045801666
-5,5,45,0.045804369
0,5,45,0.045806775
5,5,45,0.045810492
10,5,45,0.045813934
15,5,45,0.04581425
20,5,45,0.045811194
-15,10,45,0.045786171
-10,10,45,0.045793273
-5,10,45,0.04579711
0,10,45,0.045799991
5,10,45,0.045803204
10,10,45,0.045805665
15,10,45,0.045805581
-15,15,45,0.045774201
-10,15,45,0.04578172
-5,15,45,0.045786464
0,15,45,0.045789621
5,15,45,0.045792052
10,15,45,0.045793306
15,15,45,0.045792898
-5,20,45,0.04577177
0,20,45,0.045774735
5,20,45,0.045776351
0,0,50,0.045836236
