coordinate_x,coordinate_y,coordinate_z,y_probe
0,0,-100,435.48
43.59,0,-90,436.04
42.47,9.81,-90,436.14
39.18,19.11,-90,436
33.88,27.43,-90,436.13
26.84,34.35,-90,436.11
18.42,39.51,-90,436.14
9.06,42.64,-90,436.25
-0.76,43.58,-90,436.34
-10.55,42.3,-90,436.28
-19.79,38.84,-90,436.24
-28.02,33.39,-90,436.27
-34.81,26.23,-90,436.19
-39.82,17.73,-90,436.15
-42.79,8.32,-90,436.16
-43.56,-1.52,-90,436.16
-42.1,-11.28,-90,436.35
-38.49,-20.46,-90,436.46
-32.9,-28.6,-90,436.58
-25.62,-35.27,-90,436.75
-17.03,-40.12,-90,436.93
-7.57,-42.93,-90,436.95
2.28,-43.53,-90,437.01
12.02,-41.9,-90,437.04
21.13,-38.12,-90,436.94
29.17,-32.39,-90,436.79
35.71,-25,-90,436.61
40.42,-16.33,-90,436.38
43.05,-6.82,-90,436.22
60,0,-80,436.84
59.26,9.39,-80,436.82
57.06,18.54,-80,436.66
53.46,27.24,-80,436.75
48.54,35.27,-80,436.79
42.43,42.43,-80,436.82
35.27,48.54,-80,436.93
27.24,53.46,-80,437.04
18.54,57.06,-80,437.16
9.39,59.26,-80,437.14
0,60,-80,437.2
-9.39,59.26,-80,437.16
-18.54,57.06,-80,437.12
-27.24,53.46,-80,437.07
-35.27,48.54,-80,436.96
-42.43,42.43,-80,436.88
-48.54,35.27,-80,436.81
-53.46,27.24,-80,436.77
-57.06,18.54,-80,436.72
-59.26,9.39,-80,436.77
-60,0,-80,436.72
-59.26,-9.39,-80,436.8
-57.06,-18.54,-80,436.95
-53.46,-27.24,-80,437.12
-48.54,-35.27,-80,437.35
-42.43,-42.43,-80,437.44
-35.27,-48.54,-80,437.62
-27.24,-53.46,-80,437.77
-18.54,-57.06,-80,437.95
-9.39,-59.26,-80,438.06
0,-60,-80,438.09
9.39,-59.26,-80,438.11
18.54,-57.06,-80,438.04
27.24,-53.46,-80,437.89
35.27,-48.54,-80,437.74
42.43,-42.43,-80,437.5
48.54,-35.27,-80,437.31
53.46,-27.24,-80,437.18
57.06,-18.54,-80,437.02
59.26,-9.39,-80,436.85
71.41,0,-70,437.26
70.72,9.94,-70,437.25
68.64,19.68,-70,437.3
65.24,29.05,-70,437.39
60.56,37.84,-70,437.45
54.7,45.9,-70,437.53
47.78,53.07,-70,437.65
39.93,59.2,-70,437.78
31.3,64.18,-70,437.86
22.07,67.91,-70,437.93
12.4,70.33,-70,438.1
2.49,71.37,-70,438.14
-7.46,71.02,-70,438.1
-17.28,69.29,-70,437.97
-26.75,66.21,-70,437.95
-35.7,61.84,-70,437.88
-43.96,56.27,-70,437.67
-51.37,49.61,-70,437.57
-57.77,41.97,-70,437.46
-63.05,33.52,-70,437.45
-67.1,24.42,-70,437.31
-69.85,14.85,-70,437.32
-71.24,4.98,-70,437.31
-71.24,-4.98,-70,437.27
-69.85,-14.85,-70,437.46
-67.1,-24.42,-70,437.56
-63.05,-33.52,-70,437.74
-57.77,-41.97,-70,438
-51.37,-49.61,-70,438.22
-43.96,-56.27,-70,438.43
-35.71,-61.84,-70,438.63
-26.75,-66.21,-70,438.76
-17.28,-69.29,-70,438.86
-7.46,-71.02,-70,439.01
2.49,-71.37,-70,439.02
12.4,-70.33,-70,439.02
22.07,-67.91,-70,438.9
31.3,-64.18,-70,438.95
39.93,-59.2,-70,438.69
47.78,-53.07,-70,438.49
54.7,-45.9,-70,438.19
60.56,-37.84,-70,438.03
65.24,-29.05,-70,437.68
68.64,-19.68,-70,437.58
70.72,-9.94,-70,437.42
80,0,-60,437.82
79.4,9.75,-60,437.75
77.62,19.35,-60,437.76
74.69,28.67,-60,437.77
70.64,37.56,-60,437.9
65.53,45.89,-60,437.94
59.45,53.53,-60,438.03
52.48,60.38,-60,438.33
44.74,66.32,-60,438.47
36.32,71.28,-60,438.57
27.36,75.18,-60,438.71
18,77.95,-60,438.77
8.36,79.56,-60,438.82
-1.4,79.99,-60,438.79
-11.13,79.22,-60,438.78
-20.71,77.27,-60,438.81
-29.97,74.17,-60,438.75
-38.78,69.97,-60,438.63
-47.02,64.72,-60,438.56
-54.56,58.51,-60,438.41
-61.28,51.42,-60,438.18
-67.09,43.57,-60,438.04
-71.9,35.07,-60,437.99
-75.64,26.05,-60,437.71
-78.25,16.63,-60,437.79
-79.7,6.97,-60,437.77
-79.95,-2.79,-60,437.8
-79.02,-12.51,-60,437.84
-76.9,-22.05,-60,437.94
-73.64,-31.26,-60,438.16
-69.28,-40,-60,438.34
-63.89,-48.15,-60,438.57
-57.55,-55.57,-60,438.83
-50.35,-62.17,-60,439.01
-42.39,-67.84,-60,439.31
-33.81,-72.5,-60,439.46
-24.72,-76.08,-60,439.51
-15.26,-78.53,-60,439.61
-5.58,-79.81,-60,439.72
4.19,-79.89,-60,439.72
13.89,-78.78,-60,439.69
23.39,-76.5,-60,439.7
32.54,-73.08,-60,439.61
41.2,-68.57,-60,439.45
49.25,-63.04,-60,439.24
56.57,-56.57,-60,439
63.04,-49.25,-60,438.77
68.57,-41.2,-60,438.52
73.08,-32.54,-60,438.27
76.5,-23.39,-60,438.08
78.78,-13.89,-60,437.98
79.89,-4.19,-60,437.8
86.6,0,-50,438.21
86.13,9.05,-50,438.23
84.71,18.01,-50,438.24
82.36,26.76,-50,438.23
79.11,35.22,-50,438.35
75,43.3,-50,438.46
70.06,50.9,-50,438.53
64.36,57.95,-50,438.66
57.95,64.36,-50,438.89
50.9,70.06,-50,438.92
43.3,75,-50,439.07
35.22,79.11,-50,439.27
26.76,82.36,-50,439.39
18.01,84.71,-50,439.41
9.05,86.13,-50,439.5
0,86.6,-50,439.54
-9.05,86.13,-50,439.5
-18.01,84.71,-50,439.53
-26.76,82.36,-50,439.48
-35.22,79.11,-50,439.37
-43.3,75,-50,439.26
-50.9,70.06,-50,439.1
-57.95,64.36,-50,438.93
-64.36,57.95,-50,438.74
-70.06,50.9,-50,438.59
-75,43.3,-50,438.49
-79.11,35.22,-50,438.39
-82.36,26.76,-50,438.28
-84.71,18.01,-50,438.21
-86.13,9.05,-50,438.2
-86.6,0,-50,438.23
-86.13,-9.05,-50,438.24
-84.71,-18.01,-50,438.33
-82.36,-26.76,-50,438.41
-79.11,-35.22,-50,438.54
-75,-43.3,-50,438.85
-70.06,-50.9,-50,439.05
-64.36,-57.95,-50,439.27
-57.95,-64.36,-50,439.52
-50.9,-70.06,-50,439.62
-43.3,-75,-50,439.75
-35.22,-79.11,-50,440
-26.76,-82.36,-50,440.1
-18.01,-84.71,-50,440.25
-9.05,-86.13,-50,440.29
0,-86.6,-50,440.37
9.05,-86.13,-50,440.36
18.01,-84.71,-50,440.39
26.76,-82.36,-50,440.23
35.22,-79.11,-50,440.07
43.3,-75,-50,439.99
50.9,-70.06,-50,439.73
57.95,-64.36,-50,439.57
64.36,-57.95,-50,439.42
70.06,-50.9,-50,439.09
75,-43.3,-50,438.94
79.11,-35.22,-50,438.67
82.36,-26.76,-50,438.56
84.71,-18.01,-50,438.38
86.13,-9.05,-50,438.26
91.65,0,-40,438.52
91.15,9.58,-40,438.44
89.65,19.06,-40,438.49
87.16,28.32,-40,438.5
83.73,37.28,-40,438.62
79.37,45.82,-40,438.73
74.15,53.87,-40,438.91
68.11,61.33,-40,439.09
61.33,68.11,-40,439.23
53.87,74.15,-40,439.39
45.83,79.37,-40,439.51
37.28,83.73,-40,439.72
28.32,87.16,-40,439.87
19.06,89.65,-40,439.98
9.58,91.15,-40,440
0,91.65,-40,440.06
-9.58,91.15,-40,440
-19.06,89.65,-40,439.95
-28.32,87.16,-40,439.91
-37.28,83.73,-40,439.78
-45.82,79.37,-40,439.6
-53.87,74.15,-40,439.44
-61.33,68.11,-40,439.35
-68.11,61.33,-40,439.16
-74.15,53.87,-40,439
-79.37,45.82,-40,438.85
-83.73,37.28,-40,438.76
-87.16,28.32,-40,438.62
-89.65,19.06,-40,438.53
-91.15,9.58,-40,438.54
-91.65,0,-40,438.55
-91.15,-9.58,-40,438.52
-89.65,-19.06,-40,438.6
-87.16,-28.32,-40,438.8
-83.73,-37.28,-40,439
-79.37,-45.83,-40,439.15
-74.15,-53.87,-40,439.3
-68.11,-61.33,-40,439.6
-61.33,-68.11,-40,439.81
-53.87,-74.15,-40,440.01
-45.83,-79.37,-40,440.2
-37.28,-83.73,-40,440.33
-28.32,-87.16,-40,440.46
-19.06,-89.65,-40,440.66
-9.58,-91.15,-40,440.71
0,-91.65,-40,440.72
9.58,-91.15,-40,440.75
19.06,-89.65,-40,440.7
28.32,-87.16,-40,440.62
37.28,-83.73,-40,440.47
45.83,-79.37,-40,440.28
53.87,-74.15,-40,440.09
61.33,-68.11,-40,439.84
68.11,-61.33,-40,439.61
74.15,-53.87,-40,439.47
79.37,-45.83,-40,439.15
83.73,-37.28,-40,438.93
87.16,-28.32,-40,438.77
89.65,-19.06,-40,438.65
91.15,-9.58,-40,438.49
95.39,0,-30,438.67
94.87,9.97,-30,438.64
93.31,19.83,-30,438.68
90.72,29.48,-30,438.75
87.14,38.8,-30,438.83
82.61,47.69,-30,438.97
77.17,56.07,-30,439.23
70.89,63.83,-30,439.41
63.83,70.89,-30,439.5
56.07,77.17,-30,439.72
47.7,82.61,-30,439.94
38.8,87.14,-30,439.95
29.48,90.72,-30,440.21
19.83,93.31,-30,440.33
9.97,94.87,-30,440.39
0,95.39,-30,440.41
-9.97,94.87,-30,440.43
-19.83,93.31,-30,440.37
-29.48,90.72,-30,440.27
-38.8,87.14,-30,440.2
-47.69,82.61,-30,440.03
-56.07,77.17,-30,439.97
-63.83,70.89,-30,439.69
-70.89,63.83,-30,439.45
-77.17,56.07,-30,439.22
-82.61,47.69,-30,439.1
-87.14,38.8,-30,438.85
-90.72,29.48,-30,438.89
-93.31,19.83,-30,438.74
-94.87,9.97,-30,438.66
-95.39,0,-30,438.71
-94.87,-9.97,-30,438.74
-93.31,-19.83,-30,438.86
-90.72,-29.48,-30,438.98
-87.14,-38.8,-30,439.09
-82.61,-47.7,-30,439.37
-77.17,-56.07,-30,439.52
-70.89,-63.83,-30,439.78
-63.83,-70.89,-30,440.02
-56.07,-77.17,-30,440.25
-47.7,-82.61,-30,440.53
-38.8,-87.14,-30,440.63
-29.48,-90.72,-30,440.81
-19.83,-93.31,-30,440.9
-9.97,-94.87,-30,440.98
0,-95.39,-30,441.03
9.97,-94.87,-30,441.04
19.83,-93.31,-30,441
29.48,-90.72,-30,440.86
38.8,-87.14,-30,440.69
47.7,-82.61,-30,440.58
56.07,-77.17,-30,440.3
63.83,-70.89,-30,440.11
70.89,-63.83,-30,439.86
77.17,-56.07,-30,439.58
82.61,-47.7,-30,439.39
87.14,-38.8,-30,439.15
90.72,-29.48,-30,438.96
93.31,-19.83,-30,438.84
94.87,-9.97,-30,438.72
97.98,0,-20,438.77
97.61,8.54,-20,438.76
96.49,17.01,-20,438.81
94.64,25.36,-20,438.84
92.07,33.51,-20,438.91
88.8,41.41,-20,439
84.85,48.99,-20,439.18
80.26,56.2,-20,439.26
75.06,62.98,-20,439.42
69.28,69.28,-20,439.57
62.98,75.06,-20,439.78
56.2,80.26,-20,439.96
48.99,84.85,-20,440.17
41.41,88.8,-20,440.33
33.51,92.07,-20,440.37
25.36,94.64,-20,440.43
17.01,96.49,-20,440.56
8.54,97.61,-20,440.64
0,97.98,-20,440.59
-8.54,97.61,-20,440.65
-17.01,96.49,-20,440.58
-25.36,94.64,-20,440.54
-33.51,92.07,-20,440.43
-41.41,88.8,-20,440.33
-48.99,84.85,-20,440.26
-56.2,80.26,-20,440.06
-62.98,75.06,-20,439.84
-69.28,69.28,-20,439.72
-75.06,62.98,-20,439.67
-80.26,56.2,-20,439.43
-84.85,48.99,-20,439.31
-88.8,41.41,-20,439.26
-92.07,33.51,-20,439.02
-94.64,25.36,-20,438.93
-96.49,17.01,-20,438.87
-97.61,8.54,-20,438.81
-97.98,0,-20,438.76
-97.61,-8.54,-20,438.9
-96.49,-17.01,-20,438.91
-94.64,-25.36,-20,439.04
-92.07,-33.51,-20,439.09
-88.8,-41.41,-20,439.22
-84.85,-48.99,-20,439.47
-80.26,-56.2,-20,439.67
-75.06,-62.98,-20,439.83
-69.28,-69.28,-20,439.99
-62.98,-75.06,-20,440.2
-56.2,-80.26,-20,440.42
-48.99,-84.85,-20,440.63
-41.41,-88.8,-20,440.75
-33.51,-92.07,-20,440.83
-25.36,-94.64,-20,440.9
-17.01,-96.49,-20,440.97
-8.54,-97.61,-20,441.02
0,-97.98,-20,441
8.54,-97.61,-20,441.05
17.01,-96.49,-20,441.01
25.36,-94.64,-20,440.96
33.51,-92.07,-20,440.93
41.41,-88.8,-20,440.83
48.99,-84.85,-20,440.64
56.2,-80.26,-20,440.44
62.98,-75.06,-20,440.22
69.28,-69.28,-20,440
75.06,-62.98,-20,439.78
80.26,-56.2,-20,439.54
84.85,-48.99,-20,439.38
88.8,-41.41,-20,439.15
92.07,-33.51,-20,439.07
94.64,-25.36,-20,438.96
96.49,-17.01,-20,438.8
97.61,-8.54,-20,438.71
99.5,0,-10,438.67
99.12,8.67,-10,438.63
97.99,17.28,-10,438.72
96.11,25.75,-10,438.81
93.5,34.03,-10,438.86
90.18,42.05,-10,439.01
86.17,49.75,-10,439.24
81.51,57.07,-10,439.24
76.22,63.96,-10,439.46
70.36,70.36,-10,439.6
63.96,76.22,-10,439.8
57.07,81.51,-10,439.99
49.75,86.17,-10,440.17
42.05,90.18,-10,440.35
34.03,93.5,-10,440.39
25.75,96.11,-10,440.54
17.28,97.99,-10,440.54
8.67,99.12,-10,440.63
0,99.5,-10,440.67
-8.67,99.12,-10,440.72
-17.28,97.99,-10,440.63
-25.75,96.11,-10,440.49
-34.03,93.5,-10,440.48
-42.05,90.18,-10,440.37
-49.75,86.17,-10,440.24
-57.07,81.51,-10,440.12
-63.96,76.22,-10,439.94
-70.36,70.36,-10,439.84
-76.22,63.96,-10,439.64
-81.51,57.07,-10,439.43
-86.17,49.75,-10,439.28
-90.18,42.05,-10,439.1
-93.5,34.03,-10,439
-96.11,25.75,-10,438.92
-97.99,17.28,-10,438.81
-99.12,8.67,-10,438.78
-99.5,0,-10,438.74
-99.12,-8.67,-10,438.71
-97.99,-17.28,-10,438.81
-96.11,-25.75,-10,438.94
-93.5,-34.03,-10,439.14
-90.18,-42.05,-10,439.29
-86.17,-49.75,-10,439.4
-81.51,-57.07,-10,439.53
-76.22,-63.96,-10,439.8
-70.36,-70.36,-10,439.95
-63.96,-76.22,-10,440.18
-57.07,-81.51,-10,440.38
-49.75,-86.17,-10,440.61
-42.05,-90.18,-10,440.68
-34.03,-93.5,-10,440.79
-25.75,-96.11,-10,440.89
-17.28,-97.99,-10,441.02
-8.67,-99.12,-10,440.99
0,-99.5,-10,441.12
8.67,-99.12,-10,441.05
17.28,-97.99,-10,441.16
25.75,-96.11,-10,441.05
34.03,-93.5,-10,440.93
42.05,-90.18,-10,440.81
49.75,-86.17,-10,440.61
57.07,-81.51,-10,440.41
63.96,-76.22,-10,440.25
70.36,-70.36,-10,440.07
76.22,-63.96,-10,439.81
81.51,-57.07,-10,439.6
86.17,-49.75,-10,439.48
90.18,-42.05,-10,439.23
93.5,-34.03,-10,439.04
96.11,-25.75,-10,438.94
97.99,-17.28,-10,438.84
99.12,-8.67,-10,438.67
100,0,0,438.7
99.62,8.72,0,438.77
98.48,17.36,0,438.63
96.59,25.88,0,438.76
93.97,34.2,0,438.88
90.63,42.26,0,438.98
86.6,50,0,439.06
81.92,57.36,0,439.25
76.6,64.28,0,439.48
70.71,70.71,0,439.59
64.28,76.6,0,439.83
57.36,81.92,0,439.97
50,86.6,0,440.14
42.26,90.63,0,440.34
34.2,93.97,0,440.42
25.88,96.59,0,440.57
17.36,98.48,0,440.64
8.72,99.62,0,440.59
0,100,0,440.72
-8.72,99.62,0,440.63
-17.36,98.48,0,440.62
-25.88,96.59,0,440.62
-34.2,93.97,0,440.51
-42.26,90.63,0,440.4
-50,86.6,0,440.32
-57.36,81.92,0,440.17
-64.28,76.6,0,439.96
-70.71,70.71,0,439.79
-76.6,64.28,0,439.61
-81.92,57.36,0,439.44
-86.6,50,0,439.3
-90.63,42.26,0,439.11
-93.97,34.2,0,439.06
-96.59,25.88,0,438.86
-98.48,17.36,0,438.78
-99.62,8.72,0,438.82
-100,0,0,438.71
-99.62,-8.72,0,438.81
-98.48,-17.36,0,438.83
-96.59,-25.88,0,438.9
-93.97,-34.2,0,439.07
-90.63,-42.26,0,439.18
-86.6,-50,0,439.39
-81.92,-57.36,0,439.54
-76.6,-64.28,0,439.7
-70.71,-70.71,0,439.92
-64.28,-76.6,0,440.12
-57.36,-81.92,0,440.3
-50,-86.6,0,440.46
-42.26,-90.63,0,440.73
-34.2,-93.97,0,440.74
-25.88,-96.59,0,440.87
-17.36,-98.48,0,440.95
-8.72,-99.62,0,440.89
0,-100,0,440.95
8.72,-99.62,0,440.93
17.36,-98.48,0,440.91
25.88,-96.59,0,440.94
34.2,-93.97,0,440.77
42.26,-90.63,0,440.76
50,-86.6,0,440.57
57.36,-81.92,0,440.31
64.28,-76.6,0,440.18
70.71,-70.71,0,439.92
76.6,-64.28,0,439.75
81.92,-57.36,0,439.53
86.6,-50,0,439.38
90.63,-42.26,0,439.18
93.97,-34.2,0,439.06
96.59,-25.88,0,438.89
98.48,-17.36,0,438.74
99.62,-8.72,0,438.63
99.5,0,10,438.44
99.12,8.67,10,438.47
97.99,17.28,10,438.53
96.11,25.75,10,438.54
93.5,34.03,10,438.65
90.18,42.05,10,438.76
86.17,49.75,10,438.95
81.51,57.07,10,439.1
76.22,63.96,10,439.32
70.36,70.36,10,439.49
63.96,76.22,10,439.63
57.07,81.51,10,439.86
49.75,86.17,10,439.98
42.05,90.18,10,440.12
34.03,93.5,10,440.23
25.75,96.11,10,440.41
17.28,97.99,10,440.42
8.67,99.12,10,440.49
0,99.5,10,440.51
-8.67,99.12,10,440.56
-17.28,97.99,10,440.49
-25.75,96.11,10,440.4
-34.03,93.5,10,440.45
-42.05,90.18,10,440.29
-49.75,86.17,10,440.19
-57.07,81.51,10,439.99
-63.96,76.22,10,439.81
-70.36,70.36,10,439.62
-76.22,63.96,10,439.45
-81.51,57.07,10,439.34
-86.17,49.75,10,439.05
-90.18,42.05,10,439.04
-93.5,34.03,10,438.88
-96.11,25.75,10,438.77
-97.99,17.28,10,438.68
-99.12,8.67,10,438.6
-99.5,0,10,438.6
-99.12,-8.67,10,438.58
-97.99,-17.28,10,438.71
-96.11,-25.75,10,438.79
-93.5,-34.03,10,438.92
-90.18,-42.05,10,439.02
-86.17,-49.75,10,439.22
-81.51,-57.07,10,439.42
-76.22,-63.96,10,439.63
-70.36,-70.36,10,439.76
-63.96,-76.22,10,439.99
-57.07,-81.51,10,440.16
-49.75,-86.17,10,440.36
-42.05,-90.18,10,440.51
-34.03,-93.5,10,440.59
-25.75,-96.11,10,440.67
-17.28,-97.99,10,440.76
-8.67,-99.12,10,440.7
0,-99.5,10,440.76
8.67,-99.12,10,440.81
17.28,-97.99,10,440.78
25.75,-96.11,10,440.77
34.03,-93.5,10,440.69
42.05,-90.18,10,440.52
49.75,-86.17,10,440.34
57.07,-81.51,10,440.21
63.96,-76.22,10,439.91
70.36,-70.36,10,439.72
76.22,-63.96,10,439.58
81.51,-57.07,10,439.27
86.17,-49.75,10,439.13
90.18,-42.05,10,438.93
93.5,-34.03,10,438.77
96.11,-25.75,10,438.61
97.99,-17.28,10,438.6
99.12,-8.67,10,438.46
97.98,0,20,438.18
97.61,8.54,20,438.3
96.49,17.01,20,438.32
94.64,25.36,20,438.42
92.07,33.51,20,438.41
88.8,41.41,20,438.57
84.85,48.99,20,438.74
80.26,56.2,20,438.88
75.06,62.98,20,439.04
69.28,69.28,20,439.28
62.98,75.06,20,439.43
56.2,80.26,20,439.62
48.99,84.85,20,439.79
41.41,88.8,20,439.89
33.51,92.07,20,440.07
25.36,94.64,20,440.14
17.01,96.49,20,440.23
8.54,97.61,20,440.23
0,97.98,20,440.26
-8.54,97.61,20,440.24
-17.01,96.49,20,440.22
-25.36,94.64,20,440.15
-33.51,92.07,20,440.1
-41.41,88.8,20,439.98
-48.99,84.85,20,439.84
-56.2,80.26,20,439.72
-62.98,75.06,20,439.56
-69.28,69.28,20,439.39
-75.06,62.98,20,439.21
-80.26,56.2,20,439.04
-84.85,48.99,20,438.92
-88.8,41.41,20,438.8
-92.07,33.51,20,438.62
-94.64,25.36,20,438.48
-96.49,17.01,20,438.46
-97.61,8.54,20,438.38
-97.98,0,20,438.27
-97.61,-8.54,20,438.3
-96.49,-17.01,20,438.4
-94.64,-25.36,20,438.56
-92.07,-33.51,20,438.62
-88.8,-41.41,20,438.67
-84.85,-48.99,20,438.89
-80.26,-56.2,20,439.05
-75.06,-62.98,20,439.23
-69.28,-69.28,20,439.43
-62.98,-75.06,20,439.65
-56.2,-80.26,20,439.77
-48.99,-84.85,20,439.93
-41.41,-88.8,20,440
-33.51,-92.07,20,440.09
-25.36,-94.64,20,440.28
-17.01,-96.49,20,440.38
-8.54,-97.61,20,440.33
0,-97.98,20,440.37
8.54,-97.61,20,440.43
17.01,-96.49,20,440.41
25.36,-94.64,20,440.3
33.51,-92.07,20,440.24
41.41,-88.8,20,440.19
48.99,-84.85,20,439.98
56.2,-80.26,20,439.85
62.98,-75.06,20,439.65
69.28,-69.28,20,439.49
75.06,-62.98,20,439.29
80.26,-56.2,20,439.1
84.85,-48.99,20,438.87
88.8,-41.41,20,438.72
92.07,-33.51,20,438.61
94.64,-25.36,20,438.49
96.49,-17.01,20,438.38
97.61,-8.54,20,438.3
95.39,0,30,437.97
94.87,9.97,30,437.96
93.31,19.83,30,438.01
90.72,29.48,30,438.11
87.14,38.8,30,438.22
82.61,47.69,30,438.43
77.17,56.07,30,438.64
70.89,63.83,30,438.89
63.83,70.89,30,439.13
56.07,77.17,30,439.29
47.7,82.61,30,439.5
38.8,87.14,30,439.66
29.48,90.72,30,439.7
19.83,93.31,30,439.84
9.97,94.87,30,439.91
0,95.39,30,439.96
-9.97,94.87,30,439.97
-19.83,93.31,30,439.94
-29.48,90.72,30,439.83
-38.8,87.14,30,439.77
-47.69,82.61,30,439.56
-56.07,77.17,30,439.53
-63.83,70.89,30,439.21
-70.89,63.83,30,439.04
-77.17,56.07,30,438.82
-82.61,47.69,30,438.63
-87.14,38.8,30,438.48
-90.72,29.48,30,438.34
-93.31,19.83,30,438.23
-94.87,9.97,30,438.1
-95.39,0,30,438.11
-94.87,-9.97,30,438.14
-93.31,-19.83,30,438.18
-90.72,-29.48,30,438.28
-87.14,-38.8,30,438.39
-82.61,-47.7,30,438.52
-77.17,-56.07,30,438.79
-70.89,-63.83,30,439.02
-63.83,-70.89,30,439.17
-56.07,-77.17,30,439.4
-47.7,-82.61,30,439.66
-38.8,-87.14,30,439.76
-29.48,-90.72,30,439.9
-19.83,-93.31,30,439.95
-9.97,-94.87,30,439.97
0,-95.39,30,440.02
9.97,-94.87,30,440.07
19.83,-93.31,30,439.98
29.48,-90.72,30,439.93
38.8,-87.14,30,439.77
47.7,-82.61,30,439.57
56.07,-77.17,30,439.36
63.83,-70.89,30,439.14
70.89,-63.83,30,438.99
77.17,-56.07,30,438.77
82.61,-47.7,30,438.61
87.14,-38.8,30,438.34
90.72,-29.48,30,438.23
93.31,-19.83,30,438.07
94.87,-9.97,30,438
91.65,0,40,437.54
91.15,9.58,40,437.57
89.65,19.06,40,437.59
87.16,28.32,40,437.74
83.73,37.28,40,437.84
79.37,45.82,40,437.99
74.15,53.87,40,438.13
68.11,61.33,40,438.43
61.33,68.11,40,438.64
53.87,74.15,40,438.81
45.83,79.37,40,438.96
37.28,83.73,40,439.09
28.32,87.16,40,439.14
19.06,89.65,40,439.25
9.58,91.15,40,439.3
0,91.65,40,439.37
-9.58,91.15,40,439.43
-19.06,89.65,40,439.39
-28.32,87.16,40,439.33
-37.28,83.73,40,439.22
-45.82,79.37,40,439.12
-53.87,74.15,40,438.99
-61.33,68.11,40,438.75
-68.11,61.33,40,438.54
-74.15,53.87,40,438.28
-79.37,45.82,40,438.12
-83.73,37.28,40,437.97
-87.16,28.32,40,437.86
-89.65,19.06,40,437.8
-91.15,9.58,40,437.74
-91.65,0,40,437.72
-91.15,-9.58,40,437.76
-89.65,-19.06,40,437.78
-87.16,-28.32,40,437.92
-83.73,-37.28,40,438.01
-79.37,-45.83,40,438.12
-74.15,-53.87,40,438.33
-68.11,-61.33,40,438.47
-61.33,-68.11,40,438.65
-53.87,-74.15,40,438.89
-45.83,-79.37,40,439.07
-37.28,-83.73,40,439.21
-28.32,-87.16,40,439.27
-19.06,-89.65,40,439.32
-9.58,-91.15,40,439.38
0,-91.65,40,439.42
9.58,-91.15,40,439.32
19.06,-89.65,40,439.36
28.32,-87.16,40,439.19
37.28,-83.73,40,439.17
45.83,-79.37,40,439.01
53.87,-74.15,40,438.83
61.33,-68.11,40,438.63
68.11,-61.33,40,438.36
74.15,-53.87,40,438.22
79.37,-45.83,40,438.04
83.73,-37.28,40,437.83
87.16,-28.32,40,437.68
89.65,-19.06,40,437.57
91.15,-9.58,40,437.47
86.6,0,50,437.01
86.13,9.05,50,436.94
84.71,18.01,50,437.1
82.36,26.76,50,437.14
79.11,35.22,50,437.25
75,43.3,50,437.46
70.06,50.9,50,437.63
64.36,57.95,50,437.8
57.95,64.36,50,437.96
50.9,70.06,50,438.23
43.3,75,50,438.38
35.22,79.11,50,438.56
26.76,82.36,50,438.63
18.01,84.71,50,438.74
9.05,86.13,50,438.84
0,86.6,50,438.85
-9.05,86.13,50,438.87
-18.01,84.71,50,438.81
-26.76,82.36,50,438.76
-35.22,79.11,50,438.7
-43.3,75,50,438.62
-50.9,70.06,50,438.45
-57.95,64.36,50,438.24
-64.36,57.95,50,438.06
-70.06,50.9,50,437.84
-75,43.3,50,437.67
-79.11,35.22,50,437.46
-82.36,26.76,50,437.37
-84.71,18.01,50,437.32
-86.13,9.05,50,437.21
-86.6,0,50,437.14
-86.13,-9.05,50,437.19
-84.71,-18.01,50,437.27
-82.36,-26.76,50,437.31
-79.11,-35.22,50,437.38
-75,-43.3,50,437.53
-70.06,-50.9,50,437.68
-64.36,-57.95,50,437.8
-57.95,-64.36,50,438.05
-50.9,-70.06,50,438.21
-43.3,-75,50,438.38
-35.22,-79.11,50,438.47
-26.76,-82.36,50,438.53
-18.01,-84.71,50,438.71
-9.05,-86.13,50,438.7
0,-86.6,50,438.7
9.05,-86.13,50,438.75
18.01,-84.71,50,438.67
26.76,-82.36,50,438.61
35.22,-79.11,50,438.52
43.3,-75,50,438.38
50.9,-70.06,50,438.18
57.95,-64.36,50,438
64.36,-57.95,50,437.8
70.06,-50.9,50,437.62
75,-43.3,50,437.48
79.11,-35.22,50,437.27
82.36,-26.76,50,437.21
84.71,-18.01,50,437.14
86.13,-9.05,50,437.08
80,0,60,436.47
79.4,9.75,60,436.46
77.62,19.35,60,436.48
74.69,28.67,60,436.61
70.64,37.56,60,436.72
65.53,45.89,60,436.89
59.45,53.53,60,437.08
52.48,60.38,60,437.34
44.74,66.32,60,437.46
36.32,71.28,60,437.65
27.36,75.18,60,437.78
18,77.95,60,437.97
8.36,79.56,60,437.93
-1.4,79.99,60,437.9
-11.13,79.22,60,437.95
-20.71,77.27,60,437.91
-29.97,74.17,60,437.91
-38.78,69.97,60,437.91
-47.02,64.72,60,437.75
-54.56,58.51,60,437.55
-61.28,51.42,60,437.31
-67.09,43.57,60,437.14
-71.9,35.07,60,436.92
-75.64,26.05,60,436.8
-78.25,16.63,60,436.71
-79.7,6.97,60,436.6
-79.95,-2.79,60,436.56
-79.02,-12.51,60,436.6
-76.9,-22.05,60,436.68
-73.64,-31.26,60,436.76
-69.28,-40,60,436.93
-63.89,-48.15,60,437.1
-57.55,-55.57,60,437.28
-50.35,-62.17,60,437.43
-42.39,-67.84,60,437.66
-33.81,-72.5,60,437.68
-24.72,-76.08,60,437.75
-15.26,-78.53,60,437.83
-5.58,-79.81,60,437.88
4.19,-79.89,60,437.84
13.89,-78.78,60,437.85
23.39,-76.5,60,437.76
32.54,-73.08,60,437.68
41.2,-68.57,60,437.56
49.25,-63.04,60,437.39
56.57,-56.57,60,437.17
63.04,-49.25,60,437.06
68.57,-41.2,60,436.88
73.08,-32.54,60,436.75
76.5,-23.39,60,436.57
78.78,-13.89,60,436.49
79.89,-4.19,60,436.4
71.41,0,70,435.76
70.72,9.94,70,435.75
68.64,19.68,70,435.86
65.24,29.05,70,436
60.56,37.84,70,436.1
54.7,45.9,70,436.22
47.78,53.07,70,436.45
39.93,59.2,70,436.66
31.3,64.18,70,436.8
22.07,67.91,70,437
12.4,70.33,70,437.09
2.49,71.37,70,437.12
-7.46,71.02,70,437.12
-17.28,69.29,70,437.1
-26.75,66.21,70,437.03
-35.7,61.84,70,436.96
-43.96,56.27,70,436.78
-51.37,49.61,70,436.66
-57.77,41.97,70,436.55
-63.05,33.52,70,436.32
-67.1,24.42,70,436.1
-69.85,14.85,70,436.1
-71.24,4.98,70,435.93
-71.24,-4.98,70,435.93
-69.85,-14.85,70,435.95
-67.1,-24.42,70,436.11
-63.05,-33.52,70,436.15
-57.77,-41.97,70,436.29
-51.37,-49.61,70,436.46
-43.96,-56.27,70,436.59
-35.71,-61.84,70,436.71
-26.75,-66.21,70,436.83
-17.28,-69.29,70,436.94
-7.46,-71.02,70,436.93
2.49,-71.37,70,436.93
12.4,-70.33,70,436.85
22.07,-67.91,70,436.73
31.3,-64.18,70,436.67
39.93,-59.2,70,436.59
47.78,-53.07,70,436.45
54.7,-45.9,70,436.23
60.56,-37.84,70,436.13
65.24,-29.05,70,435.95
68.64,-19.68,70,435.92
70.72,-9.94,70,435.79
60,0,80,435
59.26,9.39,80,434.98
57.06,18.54,80,435.08
53.46,27.24,80,435.25
48.54,35.27,80,435.36
42.43,42.43,80,435.51
35.27,48.54,80,435.72
27.24,53.46,80,435.83
18.54,57.06,80,435.89
9.39,59.26,80,436.03
0,60,80,436.13
-9.39,59.26,80,436.14
-18.54,57.06,80,436.06
-27.24,53.46,80,435.93
-35.27,48.54,80,435.96
-42.43,42.43,80,435.79
-48.54,35.27,80,435.67
-53.46,27.24,80,435.52
-57.06,18.54,80,435.4
-59.26,9.39,80,435.24
-60,0,80,435.32
-59.26,-9.39,80,435.18
-57.06,-18.54,80,435.2
-53.46,-27.24,80,435.32
-48.54,-35.27,80,435.35
-42.43,-42.43,80,435.5
-35.27,-48.54,80,435.6
-27.24,-53.46,80,435.7
-18.54,-57.06,80,435.78
-9.39,-59.26,80,435.71
0,-60,80,435.84
9.39,-59.26,80,435.85
18.54,-57.06,80,435.79
27.24,-53.46,80,435.69
35.27,-48.54,80,435.52
42.43,-42.43,80,435.4
48.54,-35.27,80,435.26
53.46,-27.24,80,435.16
57.06,-18.54,80,435.11
59.26,-9.39,80,434.97
43.59,0,90,434.23
42.47,9.81,90,434.2
39.18,19.11,90,434.39
33.88,27.43,90,434.48
26.84,34.35,90,434.58
18.42,39.51,90,434.68
9.06,42.64,90,434.84
-0.76,43.58,90,434.9
-10.55,42.3,90,434.93
-19.79,38.84,90,434.78
-28.02,33.39,90,434.71
-34.81,26.23,90,434.69
-39.82,17.73,90,434.62
-42.79,8.32,90,434.47
-43.56,-1.52,90,434.48
-42.1,-11.28,90,434.46
-38.49,-20.46,90,434.44
-32.9,-28.6,90,434.51
-25.62,-35.27,90,434.68
-17.03,-40.12,90,434.61
-7.57,-42.93,90,434.66
2.28,-43.53,90,434.7
12.02,-41.9,90,434.58
21.13,-38.12,90,434.48
29.17,-32.39,90,434.45
35.71,-25,90,434.24
40.42,-16.33,90,434.28
43.05,-6.82,90,434.16
0,0,100,433.54
